FY,state,measure_name,avg_err,hospitals_reporting,total_rows,delta_prev
2021,AK,READM-30-AMI-HRRP,0.9273000000000001,3,3,
2021,AL,READM-30-AMI-HRRP,1.0181115384615385,26,26,
2021,AR,READM-30-AMI-HRRP,1.0279791666666667,24,24,
2021,AZ,READM-30-AMI-HRRP,0.9776764705882353,34,34,
2021,CA,READM-30-AMI-HRRP,1.024997810218978,137,137,
2021,CO,READM-30-AMI-HRRP,0.9670421052631578,19,19,
2021,CT,READM-30-AMI-HRRP,1.0063374999999999,16,16,
2021,DC,READM-30-AMI-HRRP,1.02395,4,4,
2021,DE,READM-30-AMI-HRRP,0.99978,5,5,
2021,FL,READM-30-AMI-HRRP,1.0295754098360654,122,122,
2021,GA,READM-30-AMI-HRRP,1.010188,50,50,
2021,HI,READM-30-AMI-HRRP,0.9670000000000001,6,6,
2021,IA,READM-30-AMI-HRRP,0.9181705882352942,17,17,
2021,ID,READM-30-AMI-HRRP,0.9152857142857143,7,7,
2021,IL,READM-30-AMI-HRRP,1.0183887500000002,80,80,
2021,IN,READM-30-AMI-HRRP,0.9872904761904762,42,42,
2021,KS,READM-30-AMI-HRRP,0.98971875,16,16,
2021,KY,READM-30-AMI-HRRP,1.0265259259259258,27,27,
2021,LA,READM-30-AMI-HRRP,1.0228758620689655,29,29,
2021,MA,READM-30-AMI-HRRP,1.044353125,32,32,
2021,MD,READM-30-AMI-HRRP,0.9923148148148149,27,27,
2021,ME,READM-30-AMI-HRRP,0.9525833333333334,6,6,
2021,MI,READM-30-AMI-HRRP,1.002122448979592,49,49,
2021,MN,READM-30-AMI-HRRP,0.9525133333333333,15,15,
2021,MO,READM-30-AMI-HRRP,1.0152999999999999,43,43,
2021,MS,READM-30-AMI-HRRP,1.0173,20,20,
2021,MT,READM-30-AMI-HRRP,0.9176000000000001,6,6,
2021,NC,READM-30-AMI-HRRP,0.9836358974358975,39,39,
2021,ND,READM-30-AMI-HRRP,0.9439833333333333,6,6,
2021,NE,READM-30-AMI-HRRP,0.9338333333333333,12,12,
2021,NH,READM-30-AMI-HRRP,0.95861,10,10,
2021,NJ,READM-30-AMI-HRRP,1.015724,50,50,
2021,NM,READM-30-AMI-HRRP,0.9781625,8,8,
2021,NV,READM-30-AMI-HRRP,1.0143133333333334,15,15,
2021,NY,READM-30-AMI-HRRP,1.0327742857142859,70,70,
2021,OH,READM-30-AMI-HRRP,1.0142253731343285,67,67,
2021,OK,READM-30-AMI-HRRP,1.0053666666666667,21,21,
2021,OR,READM-30-AMI-HRRP,0.9353666666666667,18,18,
2021,PA,READM-30-AMI-HRRP,1.0101223684210527,76,76,
2021,RI,READM-30-AMI-HRRP,1.03876,5,5,
2021,SC,READM-30-AMI-HRRP,1.0170454545454546,22,22,
2021,SD,READM-30-AMI-HRRP,0.9168666666666666,6,6,
2021,TN,READM-30-AMI-HRRP,1.0002648648648649,37,37,
2021,TX,READM-30-AMI-HRRP,1.0159766423357663,137,137,
2021,UT,READM-30-AMI-HRRP,0.9280125,8,8,
2021,VA,READM-30-AMI-HRRP,0.9886699999999999,40,40,
2021,VT,READM-30-AMI-HRRP,0.9670000000000001,2,2,
2021,WA,READM-30-AMI-HRRP,0.9741562500000001,32,32,
2021,WI,READM-30-AMI-HRRP,0.9710392857142857,28,28,
2021,WV,READM-30-AMI-HRRP,1.0285,13,13,
2021,WY,READM-30-AMI-HRRP,0.9277,2,2,
2021,AL,READM-30-CABG-HRRP,1.1114428571428572,14,14,
2021,AR,READM-30-CABG-HRRP,1.03055,10,10,
2021,AZ,READM-30-CABG-HRRP,1.106625,12,12,
2021,CA,READM-30-CABG-HRRP,1.0569647058823528,34,34,
2021,CO,READM-30-CABG-HRRP,1.018975,4,4,
2021,CT,READM-30-CABG-HRRP,1.06845,4,4,
2021,DC,READM-30-CABG-HRRP,0.9272499999999999,2,2,
2021,DE,READM-30-CABG-HRRP,1.1098333333333332,3,3,
2021,FL,READM-30-CABG-HRRP,1.0784448979591836,49,49,
2021,GA,READM-30-CABG-HRRP,1.06104375,16,16,
2021,HI,READM-30-CABG-HRRP,0.8592,1,1,
2021,IA,READM-30-CABG-HRRP,0.9225833333333333,6,6,
2021,ID,READM-30-CABG-HRRP,0.986,4,4,
2021,IL,READM-30-CABG-HRRP,1.0551724137931033,29,29,
2021,IN,READM-30-CABG-HRRP,1.046776923076923,13,13,
2021,KS,READM-30-CABG-HRRP,0.9843000000000001,6,6,
2021,KY,READM-30-CABG-HRRP,1.01565,12,12,
2021,LA,READM-30-CABG-HRRP,1.0305,10,10,
2021,MA,READM-30-CABG-HRRP,1.00117,10,10,
2021,MD,READM-30-CABG-HRRP,1.0237875,8,8,
2021,ME,READM-30-CABG-HRRP,0.9546,2,2,
2021,MI,READM-30-CABG-HRRP,0.9771190476190477,21,21,
2021,MN,READM-30-CABG-HRRP,1.0013666666666665,3,3,
2021,MO,READM-30-CABG-HRRP,0.9933375,16,16,
2021,MS,READM-30-CABG-HRRP,1.0403600000000002,10,10,
2021,MT,READM-30-CABG-HRRP,1.00534,5,5,
2021,NC,READM-30-CABG-HRRP,0.9574277777777778,18,18,
2021,ND,READM-30-CABG-HRRP,1.0598,1,1,
2021,NE,READM-30-CABG-HRRP,0.9051,5,5,
2021,NH,READM-30-CABG-HRRP,0.8471666666666667,3,3,
2021,NJ,READM-30-CABG-HRRP,1.0157285714285715,14,14,
2021,NM,READM-30-CABG-HRRP,0.9989666666666667,3,3,
2021,NV,READM-30-CABG-HRRP,1.114942857142857,7,7,
2021,NY,READM-30-CABG-HRRP,1.0208037037037039,27,27,
2021,OH,READM-30-CABG-HRRP,1.0384826086956522,23,23,
2021,OK,READM-30-CABG-HRRP,0.9890100000000001,10,10,
2021,OR,READM-30-CABG-HRRP,0.9214166666666667,6,6,
2021,PA,READM-30-CABG-HRRP,1.0413521739130436,23,23,
2021,RI,READM-30-CABG-HRRP,0.92,1,1,
2021,SC,READM-30-CABG-HRRP,0.9614250000000001,12,12,
2021,SD,READM-30-CABG-HRRP,0.8259000000000001,2,2,
2021,TN,READM-30-CABG-HRRP,0.9913882352941177,17,17,
2021,TX,READM-30-CABG-HRRP,1.0380470588235293,51,51,
2021,UT,READM-30-CABG-HRRP,0.98655,2,2,
2021,VA,READM-30-CABG-HRRP,0.97612,15,15,
2021,VT,READM-30-CABG-HRRP,1.0498,1,1,
2021,WA,READM-30-CABG-HRRP,0.944409090909091,11,11,
2021,WI,READM-30-CABG-HRRP,0.9729,8,8,
2021,WV,READM-30-CABG-HRRP,1.0379200000000002,5,5,
2021,WY,READM-30-CABG-HRRP,0.9202,1,1,
2021,AK,READM-30-COPD-HRRP,0.9954166666666667,6,6,
2021,AL,READM-30-COPD-HRRP,1.0011220338983051,59,59,
2021,AR,READM-30-COPD-HRRP,1.0119358974358974,39,39,
2021,AZ,READM-30-COPD-HRRP,0.9867238095238096,42,42,
2021,CA,READM-30-COPD-HRRP,1.0040197115384615,208,208,
2021,CO,READM-30-COPD-HRRP,0.9662074074074075,27,27,
2021,CT,READM-30-COPD-HRRP,1.0170192307692307,26,26,
2021,DC,READM-30-COPD-HRRP,0.9914999999999999,6,6,
2021,DE,READM-30-COPD-HRRP,0.9775666666666667,6,6,
2021,FL,READM-30-COPD-HRRP,1.0171343949044587,157,157,
2021,GA,READM-30-COPD-HRRP,0.996287012987013,77,77,
2021,HI,READM-30-COPD-HRRP,0.9849142857142857,7,7,
2021,IA,READM-30-COPD-HRRP,0.9865200000000001,25,25,
2021,ID,READM-30-COPD-HRRP,0.9506888888888889,9,9,
2021,IL,READM-30-COPD-HRRP,1.0066448275862068,116,116,
2021,IN,READM-30-COPD-HRRP,0.9832454545454545,66,66,
2021,KS,READM-30-COPD-HRRP,0.98762,25,25,
2021,KY,READM-30-COPD-HRRP,1.0274610169491525,59,59,
2021,LA,READM-30-COPD-HRRP,1.002049019607843,51,51,
2021,MA,READM-30-COPD-HRRP,1.0467901960784314,51,51,
2021,MD,READM-30-COPD-HRRP,0.9802431818181817,44,44,
2021,ME,READM-30-COPD-HRRP,0.97409375,16,16,
2021,MI,READM-30-COPD-HRRP,1.0027346153846155,78,78,
2021,MN,READM-30-COPD-HRRP,0.9964115384615385,26,26,
2021,MO,READM-30-COPD-HRRP,0.9991603174603174,63,63,
2021,MS,READM-30-COPD-HRRP,1.0147418604651162,43,43,
2021,MT,READM-30-COPD-HRRP,0.9461777777777777,9,9,
2021,NC,READM-30-COPD-HRRP,0.9977640000000001,75,75,
2021,ND,READM-30-COPD-HRRP,1.0014142857142858,7,7,
2021,NE,READM-30-COPD-HRRP,0.9908117647058823,17,17,
2021,NH,READM-30-COPD-HRRP,1.0302923076923078,13,13,
2021,NJ,READM-30-COPD-HRRP,1.0258295081967213,61,61,
2021,NM,READM-30-COPD-HRRP,0.9732285714285714,14,14,
2021,NV,READM-30-COPD-HRRP,1.0275649999999998,20,20,
2021,NY,READM-30-COPD-HRRP,1.03637734375,128,128,
2021,OH,READM-30-COPD-HRRP,1.0032728971962617,107,107,
2021,OK,READM-30-COPD-HRRP,0.9953448979591837,49,49,
2021,OR,READM-30-COPD-HRRP,0.976816,25,25,
2021,PA,READM-30-COPD-HRRP,1.009724778761062,113,113,
2021,RI,READM-30-COPD-HRRP,0.9969666666666667,9,9,
2021,SC,READM-30-COPD-HRRP,1.0037697674418604,43,43,
2021,SD,READM-30-COPD-HRRP,0.9357375,8,8,
2021,TN,READM-30-COPD-HRRP,1.0029840579710145,69,69,
2021,TX,READM-30-COPD-HRRP,0.9991983425414364,181,181,
2021,UT,READM-30-COPD-HRRP,0.94032,5,5,
2021,VA,READM-30-COPD-HRRP,0.9988294117647059,68,68,
2021,VT,READM-30-COPD-HRRP,0.9747,6,6,
2021,WA,READM-30-COPD-HRRP,0.981225,40,40,
2021,WI,READM-30-COPD-HRRP,0.9955018867924529,53,53,
2021,WV,READM-30-COPD-HRRP,1.0040695652173912,23,23,
2021,WY,READM-30-COPD-HRRP,0.96785,6,6,
2021,AK,READM-30-HF-HRRP,0.9982333333333333,6,6,
2021,AL,READM-30-HF-HRRP,1.0195736842105263,57,57,
2021,AR,READM-30-HF-HRRP,1.0368027027027027,37,37,
2021,AZ,READM-30-HF-HRRP,0.9565418604651164,43,43,
2021,CA,READM-30-HF-HRRP,1.014151121076233,223,223,
2021,CO,READM-30-HF-HRRP,0.9399647058823529,34,34,
2021,CT,READM-30-HF-HRRP,1.0196961538461538,26,26,
2021,DC,READM-30-HF-HRRP,1.0489666666666666,6,6,
2021,DE,READM-30-HF-HRRP,1.0123666666666666,6,6,
2021,FL,READM-30-HF-HRRP,1.03662875,160,160,
2021,GA,READM-30-HF-HRRP,1.0070518518518519,81,81,
2021,HI,READM-30-HF-HRRP,0.9904454545454545,11,11,
2021,IA,READM-30-HF-HRRP,0.9533642857142858,28,28,
2021,ID,READM-30-HF-HRRP,0.9018900000000001,10,10,
2021,IL,READM-30-HF-HRRP,1.0148466101694915,118,118,
2021,IN,READM-30-HF-HRRP,0.9754927536231883,69,69,
2021,KS,READM-30-HF-HRRP,0.9789515151515151,33,33,
2021,KY,READM-30-HF-HRRP,1.0307862068965519,58,58,
2021,LA,READM-30-HF-HRRP,1.0298559322033898,59,59,
2021,MA,READM-30-HF-HRRP,1.0621384615384615,52,52,
2021,MD,READM-30-HF-HRRP,0.9682409090909091,44,44,
2021,ME,READM-30-HF-HRRP,0.9583235294117647,17,17,
2021,MI,READM-30-HF-HRRP,1.0029299999999999,80,80,
2021,MN,READM-30-HF-HRRP,0.9728742857142858,35,35,
2021,MO,READM-30-HF-HRRP,1.001290322580645,62,62,
2021,MS,READM-30-HF-HRRP,1.0391413043478261,46,46,
2021,MT,READM-30-HF-HRRP,0.9315300000000001,10,10,
2021,NC,READM-30-HF-HRRP,0.9852987012987012,77,77,
2021,ND,READM-30-HF-HRRP,0.9137166666666667,6,6,
2021,NE,READM-30-HF-HRRP,0.9381833333333334,18,18,
2021,NH,READM-30-HF-HRRP,1.0084923076923078,13,13,
2021,NJ,READM-30-HF-HRRP,1.0208370967741935,62,62,
2021,NM,READM-30-HF-HRRP,0.9661761904761905,21,21,
2021,NV,READM-30-HF-HRRP,1.05539,20,20,
2021,NY,READM-30-HF-HRRP,1.0441047244094488,127,127,
2021,OH,READM-30-HF-HRRP,1.0003324074074074,108,108,
2021,OK,READM-30-HF-HRRP,1.0042673469387755,49,49,
2021,OR,READM-30-HF-HRRP,0.9382482758620689,29,29,
2021,PA,READM-30-HF-HRRP,0.9978922413793103,116,116,
2021,RI,READM-30-HF-HRRP,1.0176666666666667,9,9,
2021,SC,READM-30-HF-HRRP,1.0070083333333333,48,48,
2021,SD,READM-30-HF-HRRP,0.95067,10,10,
2021,TN,READM-30-HF-HRRP,1.0127076923076923,65,65,
2021,TX,READM-30-HF-HRRP,1.0059908629441625,197,197,
2021,UT,READM-30-HF-HRRP,0.9275800000000001,15,15,
2021,VA,READM-30-HF-HRRP,0.9911140845070423,71,71,
2021,VT,READM-30-HF-HRRP,0.98515,6,6,
2021,WA,READM-30-HF-HRRP,0.9619622222222222,45,45,
2021,WI,READM-30-HF-HRRP,0.951221052631579,57,57,
2021,WV,READM-30-HF-HRRP,1.0307347826086957,23,23,
2021,WY,READM-30-HF-HRRP,0.9620571428571428,7,7,
2021,AK,READM-30-HIP-KNEE-HRRP,1.0495666666666665,3,3,
2021,AL,READM-30-HIP-KNEE-HRRP,1.1484400000000001,20,20,
2021,AR,READM-30-HIP-KNEE-HRRP,1.0570642857142858,14,14,
2021,AZ,READM-30-HIP-KNEE-HRRP,0.9596103448275862,29,29,
2021,CA,READM-30-HIP-KNEE-HRRP,0.9903214285714286,84,84,
2021,CO,READM-30-HIP-KNEE-HRRP,0.9511176470588235,17,17,
2021,CT,READM-30-HIP-KNEE-HRRP,1.04656875,16,16,
2021,DC,READM-30-HIP-KNEE-HRRP,0.9834333333333335,3,3,
2021,DE,READM-30-HIP-KNEE-HRRP,0.96366,5,5,
2021,FL,READM-30-HIP-KNEE-HRRP,1.0704583333333333,84,84,
2021,GA,READM-30-HIP-KNEE-HRRP,1.0852916666666668,36,36,
2021,HI,READM-30-HIP-KNEE-HRRP,1.0018500000000001,2,2,
2021,IA,READM-30-HIP-KNEE-HRRP,0.9251642857142857,14,14,
2021,ID,READM-30-HIP-KNEE-HRRP,0.9414300000000001,10,10,
2021,IL,READM-30-HIP-KNEE-HRRP,1.035941818181818,55,55,
2021,IN,READM-30-HIP-KNEE-HRRP,0.998140625,32,32,
2021,KS,READM-30-HIP-KNEE-HRRP,0.9959761904761906,21,21,
2021,KY,READM-30-HIP-KNEE-HRRP,1.05516,15,15,
2021,LA,READM-30-HIP-KNEE-HRRP,1.0203200000000001,15,15,
2021,MA,READM-30-HIP-KNEE-HRRP,1.0965121212121212,33,33,
2021,MD,READM-30-HIP-KNEE-HRRP,1.007453846153846,26,26,
2021,ME,READM-30-HIP-KNEE-HRRP,1.0073,8,8,
2021,MI,READM-30-HIP-KNEE-HRRP,1.042993181818182,44,44,
2021,MN,READM-30-HIP-KNEE-HRRP,0.9488583333333334,12,12,
2021,MO,READM-30-HIP-KNEE-HRRP,1.0332344827586206,29,29,
2021,MS,READM-30-HIP-KNEE-HRRP,0.9825545454545455,11,11,
2021,MT,READM-30-HIP-KNEE-HRRP,0.9023666666666667,6,6,
2021,NC,READM-30-HIP-KNEE-HRRP,1.019564864864865,37,37,
2021,ND,READM-30-HIP-KNEE-HRRP,0.8631,4,4,
2021,NE,READM-30-HIP-KNEE-HRRP,0.9162363636363636,11,11,
2021,NH,READM-30-HIP-KNEE-HRRP,1.0028555555555556,9,9,
2021,NJ,READM-30-HIP-KNEE-HRRP,1.054574074074074,27,27,
2021,NM,READM-30-HIP-KNEE-HRRP,1.0587857142857142,7,7,
2021,NV,READM-30-HIP-KNEE-HRRP,1.0550666666666666,9,9,
2021,NY,READM-30-HIP-KNEE-HRRP,0.9901314814814816,54,54,
2021,OH,READM-30-HIP-KNEE-HRRP,1.0086859649122808,57,57,
2021,OK,READM-30-HIP-KNEE-HRRP,1.009978947368421,19,19,
2021,OR,READM-30-HIP-KNEE-HRRP,0.9850846153846154,13,13,
2021,PA,READM-30-HIP-KNEE-HRRP,1.0526533333333332,60,60,
2021,RI,READM-30-HIP-KNEE-HRRP,1.0233,3,3,
2021,SC,READM-30-HIP-KNEE-HRRP,1.0355708333333333,24,24,
2021,SD,READM-30-HIP-KNEE-HRRP,0.8392,6,6,
2021,TN,READM-30-HIP-KNEE-HRRP,1.033951724137931,29,29,
2021,TX,READM-30-HIP-KNEE-HRRP,1.07365,80,80,
2021,UT,READM-30-HIP-KNEE-HRRP,0.9909000000000001,10,10,
2021,VA,READM-30-HIP-KNEE-HRRP,1.0200555555555555,36,36,
2021,VT,READM-30-HIP-KNEE-HRRP,0.8012,2,2,
2021,WA,READM-30-HIP-KNEE-HRRP,0.9604173913043479,23,23,
2021,WI,READM-30-HIP-KNEE-HRRP,0.9780679999999999,25,25,
2021,WV,READM-30-HIP-KNEE-HRRP,0.9561125,8,8,
2021,WY,READM-30-HIP-KNEE-HRRP,1.1734499999999999,2,2,
2021,AK,READM-30-PN-HRRP,0.95465,6,6,
2021,AL,READM-30-PN-HRRP,1.0064539682539682,63,63,
2021,AR,READM-30-PN-HRRP,1.0107487804878048,41,41,
2021,AZ,READM-30-PN-HRRP,0.9782711111111111,45,45,
2021,CA,READM-30-PN-HRRP,1.0202763948497855,233,233,
2021,CO,READM-30-PN-HRRP,0.944146875,32,32,
2021,CT,READM-30-PN-HRRP,1.0165925925925927,27,27,
2021,DC,READM-30-PN-HRRP,1.03935,6,6,
2021,DE,READM-30-PN-HRRP,0.9660666666666667,6,6,
2021,FL,READM-30-PN-HRRP,1.01221320754717,159,159,
2021,GA,READM-30-PN-HRRP,1.00936875,80,80,
2021,HI,READM-30-PN-HRRP,0.9299083333333332,12,12,
2021,IA,READM-30-PN-HRRP,0.94921,30,30,
2021,ID,READM-30-PN-HRRP,0.9186888888888889,9,9,
2021,IL,READM-30-PN-HRRP,1.0177139130434782,115,115,
2021,IN,READM-30-PN-HRRP,0.9830289855072465,69,69,
2021,KS,READM-30-PN-HRRP,1.000728125,32,32,
2021,KY,READM-30-PN-HRRP,1.0095,60,60,
2021,LA,READM-30-PN-HRRP,1.0002913793103447,58,58,
2021,MA,READM-30-PN-HRRP,1.0402,51,51,
2021,MD,READM-30-PN-HRRP,0.9904279069767442,43,43,
2021,ME,READM-30-PN-HRRP,0.9863470588235295,17,17,
2021,MI,READM-30-PN-HRRP,0.9917609756097561,82,82,
2021,MN,READM-30-PN-HRRP,1.0049129032258064,31,31,
2021,MO,READM-30-PN-HRRP,1.0179363636363636,66,66,
2021,MS,READM-30-PN-HRRP,1.0284739999999999,50,50,
2021,MT,READM-30-PN-HRRP,0.94359,10,10,
2021,NC,READM-30-PN-HRRP,0.9988389610389611,77,77,
2021,ND,READM-30-PN-HRRP,0.9724285714285715,7,7,
2021,NE,READM-30-PN-HRRP,0.9859666666666667,18,18,
2021,NH,READM-30-PN-HRRP,0.9892538461538462,13,13,
2021,NJ,READM-30-PN-HRRP,1.0394507936507937,63,63,
2021,NM,READM-30-PN-HRRP,0.9778636363636363,22,22,
2021,NV,READM-30-PN-HRRP,1.05889,20,20,
2021,NY,READM-30-PN-HRRP,1.05697578125,128,128,
2021,OH,READM-30-PN-HRRP,1.0026633027522935,109,109,
2021,OK,READM-30-PN-HRRP,0.9949094339622641,53,53,
2021,OR,READM-30-PN-HRRP,0.9593962962962963,27,27,
2021,PA,READM-30-PN-HRRP,1.0010635593220338,118,118,
2021,RI,READM-30-PN-HRRP,0.9912555555555556,9,9,
2021,SC,READM-30-PN-HRRP,1.0163702127659573,47,47,
2021,SD,READM-30-PN-HRRP,0.9092100000000001,10,10,
2021,TN,READM-30-PN-HRRP,1.0218065789473685,76,76,
2021,TX,READM-30-PN-HRRP,0.9971734999999999,200,200,
2021,UT,READM-30-PN-HRRP,0.9319700000000001,20,20,
2021,VA,READM-30-PN-HRRP,1.002581690140845,71,71,
2021,VT,READM-30-PN-HRRP,0.9354999999999999,6,6,
2021,WA,READM-30-PN-HRRP,0.9447780487804879,41,41,
2021,WI,READM-30-PN-HRRP,0.9681879310344828,58,58,
2021,WV,READM-30-PN-HRRP,1.015608695652174,23,23,
2021,WY,READM-30-PN-HRRP,0.977075,8,8,
2022,AK,READM-30-AMI-HRRP,0.9589333333333333,3,3,0.03163333333333318
2022,AL,READM-30-AMI-HRRP,1.019456,25,25,0.001344461538461461
2022,AR,READM-30-AMI-HRRP,1.0427714285714285,21,21,0.014792261904761794
2022,AZ,READM-30-AMI-HRRP,0.9966387096774194,31,31,0.018962239089184152
2022,CA,READM-30-AMI-HRRP,1.0186403225806453,124,124,-0.0063574876383327705
2022,CO,READM-30-AMI-HRRP,0.9519692307692308,13,13,-0.015072874493927024
2022,CT,READM-30-AMI-HRRP,1.0064538461538461,13,13,0.00011634615384625846
2022,DC,READM-30-AMI-HRRP,1.0387666666666666,3,3,0.0148166666666667
2022,DE,READM-30-AMI-HRRP,1.01842,5,5,0.0186400000000001
2022,FL,READM-30-AMI-HRRP,1.0266798165137616,109,109,-0.0028955933223038244
2022,GA,READM-30-AMI-HRRP,1.011154347826087,46,46,0.0009663478260868441
2022,HI,READM-30-AMI-HRRP,0.973475,4,4,0.0064749999999998975
2022,IA,READM-30-AMI-HRRP,0.9410357142857143,14,14,0.022865126050420126
2022,ID,READM-30-AMI-HRRP,0.9381857142857143,7,7,0.02290000000000003
2022,IL,READM-30-AMI-HRRP,1.0170478873239437,71,71,-0.0013408626760564868
2022,IN,READM-30-AMI-HRRP,0.9914675675675676,37,37,0.004177091377091435
2022,KS,READM-30-AMI-HRRP,0.9929625,16,16,0.0032437499999999897
2022,KY,READM-30-AMI-HRRP,1.021512,25,25,-0.005013925925925866
2022,LA,READM-30-AMI-HRRP,1.029072,25,25,0.006196137931034462
2022,MA,READM-30-AMI-HRRP,1.0476642857142857,28,28,0.0033111607142857213
2022,MD,READM-30-AMI-HRRP,0.9973217391304349,23,23,0.005006924315619998
2022,ME,READM-30-AMI-HRRP,0.9625166666666667,6,6,0.009933333333333239
2022,MI,READM-30-AMI-HRRP,1.0028104166666667,48,48,0.0006879676870747975
2022,MN,READM-30-AMI-HRRP,0.97348,15,15,0.02096666666666669
2022,MO,READM-30-AMI-HRRP,1.019025,40,40,0.0037250000000002004
2022,MS,READM-30-AMI-HRRP,1.03353,20,20,0.016229999999999967
2022,MT,READM-30-AMI-HRRP,0.9091833333333333,6,6,-0.008416666666666739
2022,NC,READM-30-AMI-HRRP,0.9840848484848486,33,33,0.00044895104895104065
2022,ND,READM-30-AMI-HRRP,0.9534166666666666,6,6,0.009433333333333294
2022,NE,READM-30-AMI-HRRP,0.94787,10,10,0.014036666666666697
2022,NH,READM-30-AMI-HRRP,0.9781000000000001,9,9,0.01949000000000012
2022,NJ,READM-30-AMI-HRRP,1.0106068181818182,44,44,-0.005117181818181882
2022,NM,READM-30-AMI-HRRP,0.9747428571428571,7,7,-0.0034196428571429127
2022,NV,READM-30-AMI-HRRP,1.0165846153846154,13,13,0.0022712820512820198
2022,NY,READM-30-AMI-HRRP,1.0289118644067796,59,59,-0.0038624213075062475
2022,OH,READM-30-AMI-HRRP,1.0165655737704917,61,61,0.0023402006361632477
2022,OK,READM-30-AMI-HRRP,1.01463,20,20,0.009263333333333179
2022,OR,READM-30-AMI-HRRP,0.9372428571428572,14,14,0.0018761904761904757
2022,PA,READM-30-AMI-HRRP,1.003757142857143,70,70,-0.006365225563909727
2022,RI,READM-30-AMI-HRRP,1.01215,4,4,-0.0266099999999998
2022,SC,READM-30-AMI-HRRP,1.002905,20,20,-0.01414045454545465
2022,SD,READM-30-AMI-HRRP,0.89574,5,5,-0.021126666666666627
2022,TN,READM-30-AMI-HRRP,1.0250033333333333,30,30,0.02473846846846839
2022,TX,READM-30-AMI-HRRP,1.0144595238095238,126,126,-0.001517118526242589
2022,UT,READM-30-AMI-HRRP,0.8950333333333335,6,6,-0.03297916666666656
2022,VA,READM-30-AMI-HRRP,0.9890874999999999,40,40,0.00041749999999995957
2022,VT,READM-30-AMI-HRRP,0.8828,1,1,-0.08420000000000005
2022,WA,READM-30-AMI-HRRP,0.9686480000000001,25,25,-0.005508249999999992
2022,WI,READM-30-AMI-HRRP,0.9799153846153847,26,26,0.008876098901099083
2022,WV,READM-30-AMI-HRRP,1.013390909090909,11,11,-0.01510909090909096
2022,WY,READM-30-AMI-HRRP,0.9611000000000001,2,2,0.033400000000000096
2022,AL,READM-30-CABG-HRRP,1.1166846153846153,13,13,0.005241758241758099
2022,AR,READM-30-CABG-HRRP,1.030425,8,8,-0.00012500000000015277
2022,AZ,READM-30-CABG-HRRP,1.1204727272727273,11,11,0.013847727272727317
2022,CA,READM-30-CABG-HRRP,1.0678576923076923,26,26,0.010892986425339535
2022,CO,READM-30-CABG-HRRP,1.0476,3,3,0.028625000000000123
2022,CT,READM-30-CABG-HRRP,1.1210666666666667,3,3,0.052616666666666756
2022,DC,READM-30-CABG-HRRP,0.9469000000000001,2,2,0.019650000000000167
2022,DE,READM-30-CABG-HRRP,1.0034666666666667,3,3,-0.1063666666666665
2022,FL,READM-30-CABG-HRRP,1.1197725,40,40,0.041327602040816425
2022,GA,READM-30-CABG-HRRP,1.0610642857142858,14,14,2.0535714285729867e-05
2022,IA,READM-30-CABG-HRRP,0.9485,4,4,0.0259166666666667
2022,ID,READM-30-CABG-HRRP,0.95775,4,4,-0.028249999999999997
2022,IL,READM-30-CABG-HRRP,1.0507708333333332,24,24,-0.004401580459770127
2022,IN,READM-30-CABG-HRRP,1.0310818181818182,11,11,-0.01569510489510484
2022,KS,READM-30-CABG-HRRP,0.99968,5,5,0.01537999999999995
2022,KY,READM-30-CABG-HRRP,1.02928,10,10,0.013630000000000031
2022,LA,READM-30-CABG-HRRP,1.0657999999999999,7,7,0.03529999999999989
2022,MA,READM-30-CABG-HRRP,1.01325,10,10,0.01208000000000009
2022,MD,READM-30-CABG-HRRP,1.0513625,8,8,0.027574999999999905
2022,ME,READM-30-CABG-HRRP,0.99155,2,2,0.03695000000000004
2022,MI,READM-30-CABG-HRRP,0.96614,15,15,-0.010979047619047666
2022,MN,READM-30-CABG-HRRP,0.9530000000000001,2,2,-0.04836666666666645
2022,MO,READM-30-CABG-HRRP,0.9904461538461539,13,13,-0.0028913461538461194
2022,MS,READM-30-CABG-HRRP,1.0203142857142857,7,7,-0.020045714285714444
2022,MT,READM-30-CABG-HRRP,0.9392333333333335,3,3,-0.06610666666666642
2022,NC,READM-30-CABG-HRRP,0.9859466666666666,15,15,0.02851888888888887
2022,ND,READM-30-CABG-HRRP,1.1017,1,1,0.041899999999999826
2022,NE,READM-30-CABG-HRRP,0.89638,5,5,-0.008720000000000061
2022,NH,READM-30-CABG-HRRP,0.8931999999999999,3,3,0.04603333333333315
2022,NJ,READM-30-CABG-HRRP,1.02355,10,10,0.007821428571428424
2022,NM,READM-30-CABG-HRRP,0.9979,3,3,-0.0010666666666666602
2022,NV,READM-30-CABG-HRRP,1.1672,4,4,0.052257142857143
2022,NY,READM-30-CABG-HRRP,1.0324904761904763,21,21,0.011686772486772412
2022,OH,READM-30-CABG-HRRP,1.0569333333333333,18,18,0.01845072463768105
2022,OK,READM-30-CABG-HRRP,0.9663285714285713,7,7,-0.02268142857142874
2022,OR,READM-30-CABG-HRRP,0.92315,4,4,0.0017333333333333645
2022,PA,READM-30-CABG-HRRP,1.01053,20,20,-0.03082217391304365
2022,RI,READM-30-CABG-HRRP,1.0105,1,1,0.09049999999999991
2022,SC,READM-30-CABG-HRRP,1.0336166666666666,12,12,0.07219166666666654
2022,SD,READM-30-CABG-HRRP,0.86625,2,2,0.040349999999999886
2022,TN,READM-30-CABG-HRRP,1.00865,14,14,0.017261764705882365
2022,TX,READM-30-CABG-HRRP,1.0482184210526315,38,38,0.010171362229102199
2022,UT,READM-30-CABG-HRRP,1.0729,2,2,0.08634999999999993
2022,VA,READM-30-CABG-HRRP,0.9981230769230769,13,13,0.022003076923076903
2022,VT,READM-30-CABG-HRRP,0.9605,1,1,-0.08930000000000005
2022,WA,READM-30-CABG-HRRP,0.9363181818181818,11,11,-0.008090909090909149
2022,WI,READM-30-CABG-HRRP,0.9687571428571429,7,7,-0.004142857142857115
2022,WV,READM-30-CABG-HRRP,1.0628199999999999,5,5,0.0248999999999997
2022,AK,READM-30-COPD-HRRP,1.0023833333333334,6,6,0.0069666666666666766
2022,AL,READM-30-COPD-HRRP,0.996888,50,50,-0.004234033898305123
2022,AR,READM-30-COPD-HRRP,1.0164645161290322,31,31,0.004528618693134812
2022,AZ,READM-30-COPD-HRRP,0.9920631578947369,38,38,0.00533934837092731
2022,CA,READM-30-COPD-HRRP,1.0074502702702703,185,185,0.0034305587318088637
2022,CO,READM-30-COPD-HRRP,0.9738315789473685,19,19,0.007624171539960978
2022,CT,READM-30-COPD-HRRP,1.0241,26,26,0.007080769230769279
2022,DC,READM-30-COPD-HRRP,1.0069666666666668,6,6,0.01546666666666685
2022,DE,READM-30-COPD-HRRP,0.9929166666666666,6,6,0.015349999999999864
2022,FL,READM-30-COPD-HRRP,1.011558,150,150,-0.005576394904458715
2022,GA,READM-30-COPD-HRRP,0.9993916666666666,72,72,0.003104653679653513
2022,HI,READM-30-COPD-HRRP,1.00065,6,6,0.015735714285714297
2022,IA,READM-30-COPD-HRRP,0.9875619047619046,21,21,0.0010419047619045774
2022,ID,READM-30-COPD-HRRP,0.9720444444444445,9,9,0.021355555555555572
2022,IL,READM-30-COPD-HRRP,1.0147688679245284,106,106,0.008124040338321592
2022,IN,READM-30-COPD-HRRP,0.9879016129032259,62,62,0.004656158357771334
2022,KS,READM-30-COPD-HRRP,0.9854499999999999,18,18,-0.0021700000000001163
2022,KY,READM-30-COPD-HRRP,1.0265285714285715,56,56,-0.0009324455205810267
2022,LA,READM-30-COPD-HRRP,0.9996102040816326,49,49,-0.0024388155262105027
2022,MA,READM-30-COPD-HRRP,1.039256,50,50,-0.007534196078431421
2022,MD,READM-30-COPD-HRRP,0.9761727272727273,44,44,-0.004070454545454405
2022,ME,READM-30-COPD-HRRP,0.9722272727272727,11,11,-0.0018664772727272627
2022,MI,READM-30-COPD-HRRP,1.0033581081081082,74,74,0.0006234927234927135
2022,MN,READM-30-COPD-HRRP,1.0058045454545455,22,22,0.009393006993006936
2022,MO,READM-30-COPD-HRRP,1.0026719298245614,57,57,0.003511612364244021
2022,MS,READM-30-COPD-HRRP,1.011405882352941,34,34,-0.0033359781121751197
2022,MT,READM-30-COPD-HRRP,0.96175,8,8,0.01557222222222232
2022,NC,READM-30-COPD-HRRP,0.9983763888888889,72,72,0.0006123888888888152
2022,ND,READM-30-COPD-HRRP,0.9889142857142856,7,7,-0.012500000000000178
2022,NE,READM-30-COPD-HRRP,0.98553125,16,16,-0.005280514705882311
2022,NH,READM-30-COPD-HRRP,1.0433692307692308,13,13,0.013076923076922986
2022,NJ,READM-30-COPD-HRRP,1.0128032786885246,61,61,-0.013026229508196652
2022,NM,READM-30-COPD-HRRP,0.9620181818181819,11,11,-0.01121038961038956
2022,NV,READM-30-COPD-HRRP,1.0244052631578946,19,19,-0.003159736842105243
2022,NY,READM-30-COPD-HRRP,1.0287,117,117,-0.007677343749999954
2022,OH,READM-30-COPD-HRRP,1.0042148514851486,101,101,0.0009419542888868815
2022,OK,READM-30-COPD-HRRP,0.996425,44,44,0.001080102040816322
2022,OR,READM-30-COPD-HRRP,0.9873526315789473,19,19,0.010536631578947242
2022,PA,READM-30-COPD-HRRP,1.0116567307692308,104,104,0.001931952008168869
2022,RI,READM-30-COPD-HRRP,1.0030777777777777,9,9,0.006111111111111067
2022,SC,READM-30-COPD-HRRP,1.007345,40,40,0.0035752325581395183
2022,SD,READM-30-COPD-HRRP,0.9566600000000001,5,5,0.020922500000000066
2022,TN,READM-30-COPD-HRRP,1.0036524590163933,61,61,0.000668401045378797
2022,TX,READM-30-COPD-HRRP,1.000293125,160,160,0.0010947824585636479
2022,UT,READM-30-COPD-HRRP,0.9613499999999999,4,4,0.021029999999999882
2022,VA,READM-30-COPD-HRRP,1.0027939393939393,66,66,0.003964527629233494
2022,VT,READM-30-COPD-HRRP,0.9757166666666667,6,6,0.0010166666666666657
2022,WA,READM-30-COPD-HRRP,0.9842783783783784,37,37,0.0030533783783783797
2022,WI,READM-30-COPD-HRRP,0.9949608695652173,46,46,-0.0005410172272355407
2022,WV,READM-30-COPD-HRRP,0.9953999999999998,21,21,-0.008669565217391373
2022,WY,READM-30-COPD-HRRP,0.9547800000000001,5,5,-0.013069999999999915
2022,AK,READM-30-HF-HRRP,1.00255,6,6,0.004316666666666746
2022,AL,READM-30-HF-HRRP,1.0149588235294118,51,51,-0.0046148606811144965
2022,AR,READM-30-HF-HRRP,1.0236628571428572,35,35,-0.013139845559845487
2022,AZ,READM-30-HF-HRRP,0.9660119047619047,42,42,0.009470044296788327
2022,CA,READM-30-HF-HRRP,1.0126087962962964,216,216,-0.0015423247799366546
2022,CO,READM-30-HF-HRRP,0.944675,32,32,0.004710294117647118
2022,CT,READM-30-HF-HRRP,1.01905,26,26,-0.0006461538461537408
2022,DC,READM-30-HF-HRRP,1.0511333333333333,6,6,0.00216666666666665
2022,DE,READM-30-HF-HRRP,1.0058166666666668,6,6,-0.006549999999999834
2022,FL,READM-30-HF-HRRP,1.0372838709677419,155,155,0.0006551209677418957
2022,GA,READM-30-HF-HRRP,1.014072602739726,73,73,0.007020750887874128
2022,HI,READM-30-HF-HRRP,0.9888818181818183,11,11,-0.0015636363636362116
2022,IA,READM-30-HF-HRRP,0.9623785714285714,28,28,0.009014285714285641
2022,ID,READM-30-HF-HRRP,0.9199400000000001,10,10,0.01805000000000001
2022,IL,READM-30-HF-HRRP,1.0148633027522935,109,109,1.669258280201369e-05
2022,IN,READM-30-HF-HRRP,0.979865671641791,67,67,0.004372918018602623
2022,KS,READM-30-HF-HRRP,0.9749407407407408,27,27,-0.004010774410774354
2022,KY,READM-30-HF-HRRP,1.0323672413793104,58,58,0.001581034482758481
2022,LA,READM-30-HF-HRRP,1.0285326923076923,52,52,-0.0013232398956974922
2022,MA,READM-30-HF-HRRP,1.0539,51,51,-0.008238461538461417
2022,MD,READM-30-HF-HRRP,0.9713604651162792,43,43,0.0031195560253700627
2022,ME,READM-30-HF-HRRP,0.9535266666666666,15,15,-0.004796862745098052
2022,MI,READM-30-HF-HRRP,1.0011131578947368,76,76,-0.0018168421052631167
2022,MN,READM-30-HF-HRRP,0.9766533333333334,30,30,0.003779047619047571
2022,MO,READM-30-HF-HRRP,1.0029524590163934,61,61,0.001662136435748307
2022,MS,READM-30-HF-HRRP,1.0358477272727273,44,44,-0.003293577075098808
2022,MT,READM-30-HF-HRRP,0.9282199999999999,10,10,-0.003310000000000146
2022,NC,READM-30-HF-HRRP,0.9890207792207792,77,77,0.0037220779220780154
2022,ND,READM-30-HF-HRRP,0.91655,6,6,0.0028333333333332433
2022,NE,READM-30-HF-HRRP,0.960311111111111,18,18,0.022127777777777635
2022,NH,READM-30-HF-HRRP,1.0108692307692306,13,13,0.0023769230769228322
2022,NJ,READM-30-HF-HRRP,1.0155967741935483,62,62,-0.005240322580645218
2022,NM,READM-30-HF-HRRP,0.9784533333333333,15,15,0.012277142857142764
2022,NV,READM-30-HF-HRRP,1.0527578947368421,19,19,-0.0026321052631579356
2022,NY,READM-30-HF-HRRP,1.033279338842975,121,121,-0.010825385566473722
2022,OH,READM-30-HF-HRRP,1.0033355140186915,107,107,0.003003106611284112
2022,OK,READM-30-HF-HRRP,1.0001708333333335,48,48,-0.004096513605442054
2022,OR,READM-30-HF-HRRP,0.9426296296296296,27,27,0.004381353767560658
2022,PA,READM-30-HF-HRRP,0.9947087719298245,114,114,-0.0031834694494857763
2022,RI,READM-30-HF-HRRP,1.0232666666666668,9,9,0.005600000000000049
2022,SC,READM-30-HF-HRRP,1.001393023255814,43,43,-0.005615310077519364
2022,SD,READM-30-HF-HRRP,0.9330875000000001,8,8,-0.017582499999999945
2022,TN,READM-30-HF-HRRP,1.0096,63,63,-0.003107692307692256
2022,TX,READM-30-HF-HRRP,1.0060629032258064,186,186,7.204028164387033e-05
2022,UT,READM-30-HF-HRRP,0.9195416666666668,12,12,-0.008038333333333259
2022,VA,READM-30-HF-HRRP,0.9966228571428571,70,70,0.00550877263581484
2022,VT,READM-30-HF-HRRP,0.9919666666666668,6,6,0.006816666666666804
2022,WA,READM-30-HF-HRRP,0.9603,41,41,-0.0016622222222221206
2022,WI,READM-30-HF-HRRP,0.9611124999999999,56,56,0.009891447368420958
2022,WV,READM-30-HF-HRRP,1.0386285714285715,21,21,0.007893788819875791
2022,WY,READM-30-HF-HRRP,0.9662375,8,8,0.0041803571428571384
2022,AK,READM-30-HIP-KNEE-HRRP,1.1280333333333334,3,3,0.0784666666666669
2022,AL,READM-30-HIP-KNEE-HRRP,1.101685,20,20,-0.0467550000000001
2022,AR,READM-30-HIP-KNEE-HRRP,1.0418333333333332,12,12,-0.015230952380952623
2022,AZ,READM-30-HIP-KNEE-HRRP,0.9664136363636363,22,22,0.006803291536050082
2022,CA,READM-30-HIP-KNEE-HRRP,1.0120666666666667,57,57,0.021745238095238095
2022,CO,READM-30-HIP-KNEE-HRRP,0.9096,13,13,-0.04151764705882355
2022,CT,READM-30-HIP-KNEE-HRRP,1.0748230769230769,13,13,0.028254326923076833
2022,DC,READM-30-HIP-KNEE-HRRP,0.9883,1,1,0.004866666666666464
2022,DE,READM-30-HIP-KNEE-HRRP,1.0177,5,5,0.05404000000000009
2022,FL,READM-30-HIP-KNEE-HRRP,1.0862805970149254,67,67,0.01582226368159212
2022,GA,READM-30-HIP-KNEE-HRRP,1.0927115384615385,26,26,0.007419871794871691
2022,IA,READM-30-HIP-KNEE-HRRP,0.9375714285714285,14,14,0.012407142857142839
2022,ID,READM-30-HIP-KNEE-HRRP,0.9115166666666666,6,6,-0.02991333333333346
2022,IL,READM-30-HIP-KNEE-HRRP,1.0689717391304348,46,46,0.033029920948616676
2022,IN,READM-30-HIP-KNEE-HRRP,1.0063321428571428,28,28,0.008191517857142783
2022,KS,READM-30-HIP-KNEE-HRRP,0.9890882352941176,17,17,-0.006887955182072969
2022,KY,READM-30-HIP-KNEE-HRRP,1.1146214285714287,14,14,0.059461428571428554
2022,LA,READM-30-HIP-KNEE-HRRP,1.03805,14,14,0.0177299999999998
2022,MA,READM-30-HIP-KNEE-HRRP,1.0950870967741935,31,31,-0.001425024437927691
2022,MD,READM-30-HIP-KNEE-HRRP,1.0210052631578947,19,19,0.013551417004048716
2022,ME,READM-30-HIP-KNEE-HRRP,0.92828,5,5,-0.07902000000000009
2022,MI,READM-30-HIP-KNEE-HRRP,1.061379411764706,34,34,0.018386229946524058
2022,MN,READM-30-HIP-KNEE-HRRP,1.0289363636363638,11,11,0.0800780303030304
2022,MO,READM-30-HIP-KNEE-HRRP,1.0408199999999999,25,25,0.007585517241379236
2022,MS,READM-30-HIP-KNEE-HRRP,1.01828,10,10,0.035725454545454616
2022,MT,READM-30-HIP-KNEE-HRRP,0.9819285714285714,7,7,0.07956190476190472
2022,NC,READM-30-HIP-KNEE-HRRP,1.054546875,32,32,0.03498201013513502
2022,ND,READM-30-HIP-KNEE-HRRP,0.9110999999999999,3,3,0.04799999999999993
2022,NE,READM-30-HIP-KNEE-HRRP,0.9370800000000001,10,10,0.02084363636363651
2022,NH,READM-30-HIP-KNEE-HRRP,1.011957142857143,7,7,0.009101587301587388
2022,NJ,READM-30-HIP-KNEE-HRRP,1.0712583333333334,24,24,0.016684259259259315
2022,NM,READM-30-HIP-KNEE-HRRP,1.1945666666666668,3,3,0.13578095238095256
2022,NV,READM-30-HIP-KNEE-HRRP,1.1002625,8,8,0.045195833333333324
2022,NY,READM-30-HIP-KNEE-HRRP,1.0020386363636364,44,44,0.01190715488215488
2022,OH,READM-30-HIP-KNEE-HRRP,1.0100102564102564,39,39,0.0013242914979756382
2022,OK,READM-30-HIP-KNEE-HRRP,1.022492857142857,14,14,0.012513909774436005
2022,OR,READM-30-HIP-KNEE-HRRP,1.0023666666666666,9,9,0.01728205128205118
2022,PA,READM-30-HIP-KNEE-HRRP,1.044347619047619,42,42,-0.008305714285714139
2022,RI,READM-30-HIP-KNEE-HRRP,1.0210000000000001,3,3,-0.0022999999999999687
2022,SC,READM-30-HIP-KNEE-HRRP,0.988535,20,20,-0.04703583333333328
2022,SD,READM-30-HIP-KNEE-HRRP,0.8783166666666666,6,6,0.03911666666666669
2022,TN,READM-30-HIP-KNEE-HRRP,1.0237125,24,24,-0.010239224137930991
2022,TX,READM-30-HIP-KNEE-HRRP,1.0764799999999999,65,65,0.002829999999999888
2022,UT,READM-30-HIP-KNEE-HRRP,0.9960444444444444,9,9,0.005144444444444285
2022,VA,READM-30-HIP-KNEE-HRRP,1.0109483870967741,31,31,-0.009107168458781345
2022,VT,READM-30-HIP-KNEE-HRRP,0.84865,2,2,0.04744999999999999
2022,WA,READM-30-HIP-KNEE-HRRP,0.962347619047619,21,21,0.001930227743271118
2022,WI,READM-30-HIP-KNEE-HRRP,1.0033277777777778,18,18,0.02525977777777788
2022,WV,READM-30-HIP-KNEE-HRRP,0.9896142857142857,7,7,0.03350178571428564
2022,WY,READM-30-HIP-KNEE-HRRP,1.1541000000000001,2,2,-0.019349999999999756
2022,AK,READM-30-PN-HRRP,0.9649333333333333,6,6,0.010283333333333311
2022,AL,READM-30-PN-HRRP,1.0064810344827586,58,58,2.7066228790451063e-05
2022,AR,READM-30-PN-HRRP,1.0126589743589742,39,39,0.0019101938711694189
2022,AZ,READM-30-PN-HRRP,0.9855717391304348,46,46,0.0073006280193237405
2022,CA,READM-30-PN-HRRP,1.0233173515981735,219,219,0.003040956748388002
2022,CO,READM-30-PN-HRRP,0.9541000000000001,30,30,0.009953125000000007
2022,CT,READM-30-PN-HRRP,1.003623076923077,26,26,-0.012969515669515763
2022,DC,READM-30-PN-HRRP,1.0148333333333335,6,6,-0.02451666666666652
2022,DE,READM-30-PN-HRRP,0.9552166666666667,6,6,-0.010850000000000026
2022,FL,READM-30-PN-HRRP,1.012274683544304,158,158,6.147599713401952e-05
2022,GA,READM-30-PN-HRRP,1.0107552631578949,76,76,0.001386513157894953
2022,HI,READM-30-PN-HRRP,0.9323333333333333,9,9,0.0024250000000001215
2022,IA,READM-30-PN-HRRP,0.9393153846153847,26,26,-0.009894615384615335
2022,ID,READM-30-PN-HRRP,0.9370333333333334,9,9,0.018344444444444497
2022,IL,READM-30-PN-HRRP,1.0144045454545456,110,110,-0.0033093675889326324
2022,IN,READM-30-PN-HRRP,0.9886205882352942,68,68,0.0055916027280477065
2022,KS,READM-30-PN-HRRP,0.9884299999999999,30,30,-0.012298125000000049
2022,KY,READM-30-PN-HRRP,1.0108696428571429,56,56,0.0013696428571428054
2022,LA,READM-30-PN-HRRP,1.0078685185185186,54,54,0.007577139208173822
2022,MA,READM-30-PN-HRRP,1.0420098039215686,51,51,0.001809803921568598
2022,MD,READM-30-PN-HRRP,0.9826619047619047,42,42,-0.007766002214839474
2022,ME,READM-30-PN-HRRP,0.97635,16,16,-0.009997058823529414
2022,MI,READM-30-PN-HRRP,0.9908233766233767,77,77,-0.000937598986379351
2022,MN,READM-30-PN-HRRP,1.00673,30,30,0.0018170967741935051
2022,MO,READM-30-PN-HRRP,1.0166161290322582,62,62,-0.0013202346041054636
2022,MS,READM-30-PN-HRRP,1.0335222222222222,45,45,0.005048222222222343
2022,MT,READM-30-PN-HRRP,0.9416777777777777,9,9,-0.001912222222222315
2022,NC,READM-30-PN-HRRP,0.9973106666666667,75,75,-0.0015282943722944031
2022,ND,READM-30-PN-HRRP,0.9463499999999999,6,6,-0.026078571428571617
2022,NE,READM-30-PN-HRRP,0.9897941176470588,17,17,0.0038274509803921664
2022,NH,READM-30-PN-HRRP,1.008546153846154,13,13,0.01929230769230783
2022,NJ,READM-30-PN-HRRP,1.033666129032258,62,62,-0.005784664618535773
2022,NM,READM-30-PN-HRRP,0.9745499999999999,18,18,-0.003313636363636352
2022,NV,READM-30-PN-HRRP,1.0687684210526316,19,19,0.00987842105263148
2022,NY,READM-30-PN-HRRP,1.045203305785124,121,121,-0.011772475464876031
2022,OH,READM-30-PN-HRRP,1.0049223300970875,103,103,0.0022590273447939957
2022,OK,READM-30-PN-HRRP,0.9901195652173914,46,46,-0.0047898687448726385
2022,OR,READM-30-PN-HRRP,0.9575279999999999,25,25,-0.0018682962962963678
2022,PA,READM-30-PN-HRRP,1.00443125,112,112,0.003367690677966273
2022,RI,READM-30-PN-HRRP,0.9958444444444444,9,9,0.004588888888888865
2022,SC,READM-30-PN-HRRP,1.0188466666666667,45,45,0.0024764539007093855
2022,SD,READM-30-PN-HRRP,0.9131666666666667,9,9,0.003956666666666608
2022,TN,READM-30-PN-HRRP,1.0246211267605634,71,71,0.002814547813194901
2022,TX,READM-30-PN-HRRP,0.9978252688172042,186,186,0.0006517688172043012
2022,UT,READM-30-PN-HRRP,0.9556631578947368,19,19,0.023693157894736694
2022,VA,READM-30-PN-HRRP,1.0028185714285713,70,70,0.00023688128772625383
2022,VT,READM-30-PN-HRRP,0.9489333333333333,6,6,0.013433333333333408
2022,WA,READM-30-PN-HRRP,0.952555,40,40,0.007776951219512163
2022,WI,READM-30-PN-HRRP,0.9746896551724139,58,58,0.006501724137931153
2022,WV,READM-30-PN-HRRP,1.0234714285714286,21,21,0.007862732919254656
2022,WY,READM-30-PN-HRRP,0.9770285714285715,7,7,-4.6428571428558385e-05
2023,AK,READM-30-AMI-HRRP,0.9712,3,3,0.012266666666666648
2023,AL,READM-30-AMI-HRRP,1.0285125,24,24,0.009056500000000023
2023,AR,READM-30-AMI-HRRP,1.027895238095238,21,21,-0.014876190476190487
2023,AZ,READM-30-AMI-HRRP,0.9952233333333333,30,30,-0.0014153763440860612
2023,CA,READM-30-AMI-HRRP,1.0128043478260869,115,115,-0.005835974754558437
2023,CO,READM-30-AMI-HRRP,0.9656000000000001,11,11,0.013630769230769335
2023,CT,READM-30-AMI-HRRP,1.0138416666666668,12,12,0.007387820512820609
2023,DC,READM-30-AMI-HRRP,1.0465,3,3,0.00773333333333337
2023,DE,READM-30-AMI-HRRP,0.9563333333333334,3,3,-0.062086666666666734
2023,FL,READM-30-AMI-HRRP,1.0241737864077671,103,103,-0.0025060301059944834
2023,GA,READM-30-AMI-HRRP,1.0193717948717949,39,39,0.008217447045707926
2023,HI,READM-30-AMI-HRRP,0.99916,5,5,0.02568500000000007
2023,IA,READM-30-AMI-HRRP,0.9612266666666667,15,15,0.020190952380952365
2023,ID,READM-30-AMI-HRRP,0.9142857142857144,7,7,-0.02389999999999992
2023,IL,READM-30-AMI-HRRP,1.0189609375,64,64,0.0019130501760562524
2023,IN,READM-30-AMI-HRRP,1.0090125,32,32,0.017544932432432492
2023,KS,READM-30-AMI-HRRP,0.9808066666666666,15,15,-0.012155833333333366
2023,KY,READM-30-AMI-HRRP,1.031804761904762,21,21,0.010292761904761916
2023,LA,READM-30-AMI-HRRP,1.0262291666666667,24,24,-0.002842833333333239
2023,MA,READM-30-AMI-HRRP,1.0517892857142856,28,28,0.004124999999999934
2023,MD,READM-30-AMI-HRRP,0.9940125000000001,24,24,-0.0033092391304347935
2023,ME,READM-30-AMI-HRRP,0.926025,4,4,-0.0364916666666667
2023,MI,READM-30-AMI-HRRP,1.0118695652173912,46,46,0.009059148550724538
2023,MN,READM-30-AMI-HRRP,0.9708733333333334,15,15,-0.002606666666666646
2023,MO,READM-30-AMI-HRRP,1.0218972222222222,36,36,0.002872222222222165
2023,MS,READM-30-AMI-HRRP,1.0569473684210526,19,19,0.023417368421052576
2023,MT,READM-30-AMI-HRRP,0.9161999999999999,5,5,0.00701666666666656
2023,NC,READM-30-AMI-HRRP,0.9947212121212121,33,33,0.010636363636363555
2023,ND,READM-30-AMI-HRRP,0.9240166666666667,6,6,-0.02939999999999987
2023,NE,READM-30-AMI-HRRP,0.9641818181818181,11,11,0.01631181818181815
2023,NH,READM-30-AMI-HRRP,1.0018444444444445,9,9,0.023744444444444457
2023,NJ,READM-30-AMI-HRRP,1.0164324324324325,37,37,0.005825614250614342
2023,NM,READM-30-AMI-HRRP,0.9771666666666666,6,6,0.0024238095238094948
2023,NV,READM-30-AMI-HRRP,1.0215,14,14,0.004915384615384655
2023,NY,READM-30-AMI-HRRP,1.0256653846153847,52,52,-0.0032464797913949184
2023,OH,READM-30-AMI-HRRP,1.0286087719298245,57,57,0.012043198159332746
2023,OK,READM-30-AMI-HRRP,1.0203117647058821,17,17,0.00568176470588222
2023,OR,READM-30-AMI-HRRP,0.94872,15,15,0.011477142857142852
2023,PA,READM-30-AMI-HRRP,1.0014067796610169,59,59,-0.0023503631961261373
2023,RI,READM-30-AMI-HRRP,1.0296750000000001,4,4,0.017525000000000013
2023,SC,READM-30-AMI-HRRP,1.004515,20,20,0.0016100000000001113
2023,SD,READM-30-AMI-HRRP,0.8772,4,4,-0.01854
2023,TN,READM-30-AMI-HRRP,1.0315241379310345,29,29,0.006520804597701213
2023,TX,READM-30-AMI-HRRP,1.0208666666666668,108,108,0.0064071428571430555
2023,UT,READM-30-AMI-HRRP,0.8919,5,5,-0.0031333333333334323
2023,VA,READM-30-AMI-HRRP,0.9849538461538463,39,39,-0.0041336538461536065
2023,VT,READM-30-AMI-HRRP,0.8991,1,1,0.01629999999999998
2023,WA,READM-30-AMI-HRRP,0.9676185185185184,27,27,-0.001029481481481631
2023,WI,READM-30-AMI-HRRP,0.980452,25,25,0.0005366153846152466
2023,WV,READM-30-AMI-HRRP,1.0117,10,10,-0.0016909090909089652
2023,WY,READM-30-AMI-HRRP,0.97645,2,2,0.015349999999999975
2023,AL,READM-30-CABG-HRRP,1.0948583333333333,12,12,-0.02182628205128201
2023,AR,READM-30-CABG-HRRP,1.0404714285714287,7,7,0.01004642857142879
2023,AZ,READM-30-CABG-HRRP,1.0795333333333332,9,9,-0.04093939393939405
2023,CA,READM-30-CABG-HRRP,1.0744833333333335,18,18,0.006625641025641116
2023,CO,READM-30-CABG-HRRP,1.0048,1,1,-0.04280000000000017
2023,CT,READM-30-CABG-HRRP,1.0867,3,3,-0.034366666666666656
2023,DC,READM-30-CABG-HRRP,1.0129,2,2,0.06599999999999984
2023,DE,READM-30-CABG-HRRP,0.9658,2,2,-0.03766666666666674
2023,FL,READM-30-CABG-HRRP,1.1149857142857145,35,35,-0.004786785714285591
2023,GA,READM-30-CABG-HRRP,1.0615400000000002,10,10,0.00047571428571435703
2023,IA,READM-30-CABG-HRRP,1.06258,5,5,0.11408000000000007
2023,IL,READM-30-CABG-HRRP,1.0482190476190476,21,21,-0.0025517857142856037
2023,IN,READM-30-CABG-HRRP,1.0858999999999999,9,9,0.054818181818181655
2023,KS,READM-30-CABG-HRRP,0.9808714285714285,7,7,-0.018808571428571508
2023,KY,READM-30-CABG-HRRP,1.0404375,8,8,0.011157499999999931
2023,LA,READM-30-CABG-HRRP,1.1323333333333334,6,6,0.06653333333333356
2023,MA,READM-30-CABG-HRRP,1.0113555555555556,9,9,-0.0018944444444444208
2023,MD,READM-30-CABG-HRRP,1.02505,8,8,-0.02631249999999996
2023,ME,READM-30-CABG-HRRP,0.9356,2,2,-0.055950000000000055
2023,MI,READM-30-CABG-HRRP,1.010792857142857,14,14,0.04465285714285705
2023,MN,READM-30-CABG-HRRP,1.0295333333333334,3,3,0.07653333333333334
2023,MO,READM-30-CABG-HRRP,0.999323076923077,13,13,0.008876923076923116
2023,MS,READM-30-CABG-HRRP,1.0726900000000001,10,10,0.052375714285714414
2023,MT,READM-30-CABG-HRRP,0.9304,2,2,-0.00883333333333347
2023,NC,READM-30-CABG-HRRP,0.99179375,16,16,0.005847083333333392
2023,ND,READM-30-CABG-HRRP,1.1167,1,1,0.015000000000000124
2023,NE,READM-30-CABG-HRRP,0.9215666666666666,3,3,0.02518666666666669
2023,NH,READM-30-CABG-HRRP,0.9723666666666667,3,3,0.07916666666666683
2023,NJ,READM-30-CABG-HRRP,1.0138444444444443,9,9,-0.009705555555555634
2023,NM,READM-30-CABG-HRRP,1.26,1,1,0.2621
2023,NV,READM-30-CABG-HRRP,1.1569,3,3,-0.010299999999999976
2023,NY,READM-30-CABG-HRRP,1.0526722222222222,18,18,0.02018174603174594
2023,OH,READM-30-CABG-HRRP,1.10289375,16,16,0.045960416666666726
2023,OK,READM-30-CABG-HRRP,0.9944166666666666,6,6,0.0280880952380953
2023,OR,READM-30-CABG-HRRP,1.0231750000000002,4,4,0.10002500000000014
2023,PA,READM-30-CABG-HRRP,0.9974533333333333,15,15,-0.013076666666666625
2023,RI,READM-30-CABG-HRRP,0.9762,1,1,-0.0343
2023,SC,READM-30-CABG-HRRP,1.05631,10,10,0.022693333333333454
2023,SD,READM-30-CABG-HRRP,0.8994,2,2,0.03315000000000001
2023,TN,READM-30-CABG-HRRP,0.9889357142857144,14,14,-0.019714285714285684
2023,TX,READM-30-CABG-HRRP,1.0569944444444443,36,36,0.008776023391812826
2023,UT,READM-30-CABG-HRRP,1.0485,1,1,-0.024399999999999977
2023,VA,READM-30-CABG-HRRP,0.9807357142857143,14,14,-0.017387362637362624
2023,VT,READM-30-CABG-HRRP,0.8329,1,1,-0.12760000000000005
2023,WA,READM-30-CABG-HRRP,0.98946,10,10,0.05314181818181818
2023,WI,READM-30-CABG-HRRP,1.03725,6,6,0.06849285714285713
2023,WV,READM-30-CABG-HRRP,1.1277000000000001,5,5,0.06488000000000027
2023,AK,READM-30-COPD-HRRP,0.9902799999999999,5,5,-0.012103333333333466
2023,AL,READM-30-COPD-HRRP,0.9896209302325581,43,43,-0.007267069767441847
2023,AR,READM-30-COPD-HRRP,1.009726923076923,26,26,-0.006737593052109192
2023,AZ,READM-30-COPD-HRRP,0.9904129032258064,31,31,-0.0016502546689304287
2023,CA,READM-30-COPD-HRRP,1.009386928104575,153,153,0.0019366578343047447
2023,CO,READM-30-COPD-HRRP,0.9957529411764706,17,17,0.021921362229102126
2023,CT,READM-30-COPD-HRRP,1.0285625,24,24,0.004462500000000036
2023,DC,READM-30-COPD-HRRP,1.041175,4,4,0.034208333333333174
2023,DE,READM-30-COPD-HRRP,0.9926833333333334,6,6,-0.0002333333333331966
2023,FL,READM-30-COPD-HRRP,1.0110092857142858,140,140,-0.0005487142857141247
2023,GA,READM-30-COPD-HRRP,0.999680701754386,57,57,0.00028903508771938036
2023,HI,READM-30-COPD-HRRP,0.9909250000000001,4,4,-0.009724999999999984
2023,IA,READM-30-COPD-HRRP,0.9893941176470589,17,17,0.0018322128851542274
2023,ID,READM-30-COPD-HRRP,0.9720285714285714,7,7,-1.587301587313572e-05
2023,IL,READM-30-COPD-HRRP,1.0244793814432989,97,97,0.009710513518770503
2023,IN,READM-30-COPD-HRRP,1.0002320754716982,53,53,0.012330462568472367
2023,KS,READM-30-COPD-HRRP,0.9967882352941176,17,17,0.011338235294117704
2023,KY,READM-30-COPD-HRRP,1.0333530612244899,49,49,0.006824489795918431
2023,LA,READM-30-COPD-HRRP,0.9940352941176469,34,34,-0.005574909963985686
2023,MA,READM-30-COPD-HRRP,1.0389166666666667,48,48,-0.0003393333333332471
2023,MD,READM-30-COPD-HRRP,0.9777146341463415,41,41,0.0015419068736142183
2023,ME,READM-30-COPD-HRRP,0.9890333333333332,9,9,0.01680606060606049
2023,MI,READM-30-COPD-HRRP,1.0073246376811593,69,69,0.003966529573051103
2023,MN,READM-30-COPD-HRRP,0.9989882352941177,17,17,-0.006816310160427719
2023,MO,READM-30-COPD-HRRP,1.01261,50,50,0.009938070175438574
2023,MS,READM-30-COPD-HRRP,1.0143222222222223,27,27,0.0029163398692813036
2023,MT,READM-30-COPD-HRRP,0.9710857142857143,7,7,0.009335714285714336
2023,NC,READM-30-COPD-HRRP,0.9987117647058824,68,68,0.0003353758169934995
2023,ND,READM-30-COPD-HRRP,1.0002,6,6,0.011285714285714343
2023,NE,READM-30-COPD-HRRP,1.0006642857142858,14,14,0.015133035714285814
2023,NH,READM-30-COPD-HRRP,1.018746153846154,13,13,-0.02462307692307686
2023,NJ,READM-30-COPD-HRRP,1.017077192982456,57,57,0.0042739142939314245
2023,NM,READM-30-COPD-HRRP,0.9740777777777778,9,9,0.012059595959595937
2023,NV,READM-30-COPD-HRRP,1.0258222222222222,18,18,0.0014169590643275942
2023,NY,READM-30-COPD-HRRP,1.0292293577981653,109,109,0.0005293577981653197
2023,OH,READM-30-COPD-HRRP,1.0000373626373626,91,91,-0.004177488847785904
2023,OK,READM-30-COPD-HRRP,1.0042030303030303,33,33,0.007778030303030259
2023,OR,READM-30-COPD-HRRP,0.9884066666666667,15,15,0.001054035087719396
2023,PA,READM-30-COPD-HRRP,1.0101900000000001,90,90,-0.0014667307692306508
2023,RI,READM-30-COPD-HRRP,1.0142625,8,8,0.011184722222222332
2023,SC,READM-30-COPD-HRRP,1.0081285714285715,35,35,0.00078357142857155
2023,SD,READM-30-COPD-HRRP,0.9650333333333333,3,3,0.008373333333333233
2023,TN,READM-30-COPD-HRRP,1.0135266666666667,45,45,0.009874207650273359
2023,TX,READM-30-COPD-HRRP,0.9983057971014493,138,138,-0.001987327898550717
2023,UT,READM-30-COPD-HRRP,1.0054,3,3,0.044050000000000145
2023,VA,READM-30-COPD-HRRP,0.9940346153846153,52,52,-0.008759324009323999
2023,VT,READM-30-COPD-HRRP,1.00522,5,5,0.029503333333333326
2023,WA,READM-30-COPD-HRRP,0.9973939393939394,33,33,0.013115561015560995
2023,WI,READM-30-COPD-HRRP,0.9940357142857144,28,28,-0.0009251552795029871
2023,WV,READM-30-COPD-HRRP,1.011570588235294,17,17,0.01617058823529427
2023,WY,READM-30-COPD-HRRP,0.9115333333333333,3,3,-0.043246666666666767
2023,AK,READM-30-HF-HRRP,0.9675833333333334,6,6,-0.0349666666666667
2023,AL,READM-30-HF-HRRP,1.004086046511628,43,43,-0.010872777017783886
2023,AR,READM-30-HF-HRRP,1.0198055555555556,36,36,-0.003857301587301576
2023,AZ,READM-30-HF-HRRP,0.9745780487804878,41,41,0.008566144018583133
2023,CA,READM-30-HF-HRRP,1.0146285714285714,210,210,0.0020197751322750257
2023,CO,READM-30-HF-HRRP,0.951746875,32,32,0.00707187499999995
2023,CT,READM-30-HF-HRRP,1.0215846153846153,26,26,0.002534615384615302
2023,DC,READM-30-HF-HRRP,1.04395,6,6,-0.007183333333333319
2023,DE,READM-30-HF-HRRP,0.9744666666666667,6,6,-0.0313500000000001
2023,FL,READM-30-HF-HRRP,1.0258935064935064,154,154,-0.01139036447423547
2023,GA,READM-30-HF-HRRP,1.0090958904109588,73,73,-0.004976712328767174
2023,HI,READM-30-HF-HRRP,0.9918099999999999,10,10,0.002928181818181552
2023,IA,READM-30-HF-HRRP,0.9586,26,26,-0.003778571428571409
2023,ID,READM-30-HF-HRRP,0.90962,10,10,-0.010320000000000107
2023,IL,READM-30-HF-HRRP,1.0177377358490567,106,106,0.0028744330967631626
2023,IN,READM-30-HF-HRRP,0.9924875,64,64,0.01262182835820902
2023,KS,READM-30-HF-HRRP,0.984848,25,25,0.009907259259259171
2023,KY,READM-30-HF-HRRP,1.0219555555555555,54,54,-0.010411685823754846
2023,LA,READM-30-HF-HRRP,1.022456,50,50,-0.006076692307692255
2023,MA,READM-30-HF-HRRP,1.0538490196078432,51,51,-5.0980392156896315e-05
2023,MD,READM-30-HF-HRRP,0.9610195121951219,41,41,-0.01034095292115722
2023,ME,READM-30-HF-HRRP,0.94704,15,15,-0.006486666666666641
2023,MI,READM-30-HF-HRRP,1.0015702702702705,74,74,0.000457112375533697
2023,MN,READM-30-HF-HRRP,0.9628878787878788,33,33,-0.013765454545454525
2023,MO,READM-30-HF-HRRP,1.0034758620689654,58,58,0.0005234030525720357
2023,MS,READM-30-HF-HRRP,1.0274135135135134,37,37,-0.008434213759213938
2023,MT,READM-30-HF-HRRP,0.933475,8,8,0.005255000000000121
2023,NC,READM-30-HF-HRRP,1.0029727272727271,77,77,0.013951948051947882
2023,ND,READM-30-HF-HRRP,0.9194,6,6,0.002850000000000019
2023,NE,READM-30-HF-HRRP,0.9595,18,18,-0.0008111111111109848
2023,NH,READM-30-HF-HRRP,1.012476923076923,13,13,0.001607692307692421
2023,NJ,READM-30-HF-HRRP,1.0222629032258064,62,62,0.00666612903225805
2023,NM,READM-30-HF-HRRP,0.9960692307692308,13,13,0.017615897435897532
2023,NV,READM-30-HF-HRRP,1.053242105263158,19,19,0.0004842105263158647
2023,NY,READM-30-HF-HRRP,1.0284834710743802,121,121,-0.004795867768594864
2023,OH,READM-30-HF-HRRP,1.0017638095238095,105,105,-0.0015717044948819758
2023,OK,READM-30-HF-HRRP,0.9999627906976744,43,43,-0.0002080426356591003
2023,OR,READM-30-HF-HRRP,0.9492037037037037,27,27,0.0065740740740740655
2023,PA,READM-30-HF-HRRP,0.9923741071428571,112,112,-0.002334664786967422
2023,RI,READM-30-HF-HRRP,1.010988888888889,9,9,-0.012277777777777832
2023,SC,READM-30-HF-HRRP,1.0058363636363636,44,44,0.004443340380549721
2023,SD,READM-30-HF-HRRP,0.918625,8,8,-0.014462500000000045
2023,TN,READM-30-HF-HRRP,1.0061543859649122,57,57,-0.0034456140350878073
2023,TX,READM-30-HF-HRRP,1.0103349462365592,186,186,0.004272043010752791
2023,UT,READM-30-HF-HRRP,0.9180454545454545,11,11,-0.0014962121212123147
2023,VA,READM-30-HF-HRRP,0.998945588235294,68,68,0.0023227310924368583
2023,VT,READM-30-HF-HRRP,1.06645,6,6,0.07448333333333312
2023,WA,READM-30-HF-HRRP,0.9602560975609756,41,41,-4.390243902441249e-05
2023,WI,READM-30-HF-HRRP,0.9719055555555556,54,54,0.010793055555555653
2023,WV,READM-30-HF-HRRP,1.0344250000000001,20,20,-0.004203571428571307
2023,WY,READM-30-HF-HRRP,0.9647749999999999,4,4,-0.0014625000000000332
2023,AK,READM-30-HIP-KNEE-HRRP,1.1592500000000001,2,2,0.03121666666666667
2023,AL,READM-30-HIP-KNEE-HRRP,1.0550923076923078,13,13,-0.04659269230769225
2023,AR,READM-30-HIP-KNEE-HRRP,1.0702625,8,8,0.028429166666666728
2023,AZ,READM-30-HIP-KNEE-HRRP,0.9843363636363637,11,11,0.017922727272727368
2023,CA,READM-30-HIP-KNEE-HRRP,1.0061085714285714,35,35,-0.005958095238095318
2023,CO,READM-30-HIP-KNEE-HRRP,0.919825,8,8,0.01022500000000004
2023,CT,READM-30-HIP-KNEE-HRRP,1.0442416666666667,12,12,-0.030581410256410146
2023,DC,READM-30-HIP-KNEE-HRRP,1.0516,2,2,0.06330000000000013
2023,DE,READM-30-HIP-KNEE-HRRP,0.9249,3,3,-0.0928
2023,FL,READM-30-HIP-KNEE-HRRP,1.081278431372549,51,51,-0.005002165642376433
2023,GA,READM-30-HIP-KNEE-HRRP,1.1047562499999999,16,16,0.012044711538461428
2023,IA,READM-30-HIP-KNEE-HRRP,0.9135,7,7,-0.02407142857142852
2023,ID,READM-30-HIP-KNEE-HRRP,0.8907499999999999,2,2,-0.02076666666666671
2023,IL,READM-30-HIP-KNEE-HRRP,1.074121875,32,32,0.005150135869565142
2023,IN,READM-30-HIP-KNEE-HRRP,1.0663041666666666,24,24,0.05997202380952382
2023,KS,READM-30-HIP-KNEE-HRRP,0.9707833333333333,12,12,-0.01830490196078427
2023,KY,READM-30-HIP-KNEE-HRRP,1.08988,10,10,-0.024741428571428692
2023,LA,READM-30-HIP-KNEE-HRRP,1.0105428571428572,7,7,-0.02750714285714273
2023,MA,READM-30-HIP-KNEE-HRRP,1.1157037037037036,27,27,0.020616606929510173
2023,MD,READM-30-HIP-KNEE-HRRP,1.0245,13,13,0.003494736842105217
2023,ME,READM-30-HIP-KNEE-HRRP,0.9190499999999999,2,2,-0.009230000000000071
2023,MI,READM-30-HIP-KNEE-HRRP,1.1071142857142857,21,21,0.04573487394957976
2023,MN,READM-30-HIP-KNEE-HRRP,0.991157142857143,7,7,-0.0377792207792208
2023,MO,READM-30-HIP-KNEE-HRRP,1.0405411764705883,17,17,-0.00027882352941155375
2023,MS,READM-30-HIP-KNEE-HRRP,1.04335,8,8,0.025069999999999926
2023,MT,READM-30-HIP-KNEE-HRRP,1.03465,4,4,0.0527214285714287
2023,NC,READM-30-HIP-KNEE-HRRP,1.1098407407407407,27,27,0.05529386574074069
2023,ND,READM-30-HIP-KNEE-HRRP,1.0037,2,2,0.09260000000000013
2023,NE,READM-30-HIP-KNEE-HRRP,0.9820375000000001,8,8,0.044957499999999984
2023,NH,READM-30-HIP-KNEE-HRRP,1.009,4,4,-0.0029571428571431024
2023,NJ,READM-30-HIP-KNEE-HRRP,1.0939904761904762,21,21,0.022732142857142756
2023,NM,READM-30-HIP-KNEE-HRRP,1.04665,2,2,-0.1479166666666667
2023,NV,READM-30-HIP-KNEE-HRRP,1.1201,5,5,0.019837500000000174
2023,NY,READM-30-HIP-KNEE-HRRP,1.0193029411764707,34,34,0.017264304812834252
2023,OH,READM-30-HIP-KNEE-HRRP,0.9906533333333333,15,15,-0.01935692307692316
2023,OK,READM-30-HIP-KNEE-HRRP,1.0316833333333333,12,12,0.009190476190476193
2023,OR,READM-30-HIP-KNEE-HRRP,0.9450333333333333,6,6,-0.05733333333333335
2023,PA,READM-30-HIP-KNEE-HRRP,1.0280432432432431,37,37,-0.016304375804375937
2023,RI,READM-30-HIP-KNEE-HRRP,1.0190000000000001,2,2,-0.0020000000000000018
2023,SC,READM-30-HIP-KNEE-HRRP,1.0049,14,14,0.016364999999999852
2023,SD,READM-30-HIP-KNEE-HRRP,0.9127000000000001,5,5,0.03438333333333343
2023,TN,READM-30-HIP-KNEE-HRRP,1.0049523809523808,21,21,-0.018760119047619206
2023,TX,READM-30-HIP-KNEE-HRRP,1.0708047619047618,42,42,-0.0056752380952380665
2023,UT,READM-30-HIP-KNEE-HRRP,1.022775,4,4,0.02673055555555559
2023,VA,READM-30-HIP-KNEE-HRRP,0.9753919999999999,25,25,-0.03555638709677422
2023,VT,READM-30-HIP-KNEE-HRRP,0.9797499999999999,2,2,0.13109999999999988
2023,WA,READM-30-HIP-KNEE-HRRP,0.9454090909090909,11,11,-0.01693852813852814
2023,WI,READM-30-HIP-KNEE-HRRP,1.0077,11,11,0.004372222222222222
2023,WV,READM-30-HIP-KNEE-HRRP,1.05314,5,5,0.0635257142857143
2023,WY,READM-30-HIP-KNEE-HRRP,1.2499,1,1,0.09579999999999989
2023,AK,READM-30-PN-HRRP,0.9748166666666668,6,6,0.009883333333333466
2023,AL,READM-30-PN-HRRP,1.021348,50,50,0.014866965517241315
2023,AR,READM-30-PN-HRRP,1.019484375,32,32,0.0068254006410257695
2023,AZ,READM-30-PN-HRRP,0.9929133333333333,45,45,0.007341594202898483
2023,CA,READM-30-PN-HRRP,1.015944019138756,209,209,-0.007373332459417403
2023,CO,READM-30-PN-HRRP,0.9647666666666667,24,24,0.010666666666666602
2023,CT,READM-30-PN-HRRP,1.0058923076923079,26,26,0.002269230769230912
2023,DC,READM-30-PN-HRRP,1.0211333333333332,6,6,0.00629999999999975
2023,DE,READM-30-PN-HRRP,0.9720833333333333,6,6,0.016866666666666585
2023,FL,READM-30-PN-HRRP,1.0048464516129032,155,155,-0.007428231931400742
2023,GA,READM-30-PN-HRRP,1.0023694444444444,72,72,-0.008385818713450455
2023,HI,READM-30-PN-HRRP,0.9732555555555555,9,9,0.04092222222222219
2023,IA,READM-30-PN-HRRP,0.949475,24,24,0.010159615384615295
2023,ID,READM-30-PN-HRRP,0.92463,10,10,-0.012403333333333433
2023,IL,READM-30-PN-HRRP,1.0220126213592233,103,103,0.0076080759046777136
2023,IN,READM-30-PN-HRRP,0.988023076923077,65,65,-0.0005975113122171916
2023,KS,READM-30-PN-HRRP,0.9861357142857142,28,28,-0.002294285714285693
2023,KY,READM-30-PN-HRRP,1.0115462962962962,54,54,0.0006766534391533519
2023,LA,READM-30-PN-HRRP,1.0121020833333334,48,48,0.00423356481481485
2023,MA,READM-30-PN-HRRP,1.0449882352941178,51,51,0.002978431372549162
2023,MD,READM-30-PN-HRRP,0.9736425000000001,40,40,-0.009019404761904659
2023,ME,READM-30-PN-HRRP,0.96355,14,14,-0.012800000000000034
2023,MI,READM-30-PN-HRRP,1.0098698630136986,73,73,0.019046486390321915
2023,MN,READM-30-PN-HRRP,1.0128576923076922,26,26,0.0061276923076922785
2023,MO,READM-30-PN-HRRP,1.0112949152542374,59,59,-0.00532121377802075
2023,MS,READM-30-PN-HRRP,1.02735,44,44,-0.006172222222222246
2023,MT,READM-30-PN-HRRP,0.9602555555555556,9,9,0.018577777777777915
2023,NC,READM-30-PN-HRRP,0.9910253333333333,75,75,-0.006285333333333365
2023,ND,READM-30-PN-HRRP,0.9522499999999999,6,6,0.005900000000000016
2023,NE,READM-30-PN-HRRP,0.97488125,16,16,-0.014912867647058792
2023,NH,READM-30-PN-HRRP,1.0055538461538462,13,13,-0.0029923076923077385
2023,NJ,READM-30-PN-HRRP,1.0250016393442622,61,61,-0.008664489687995713
2023,NM,READM-30-PN-HRRP,0.9847692307692307,13,13,0.010219230769230814
2023,NV,READM-30-PN-HRRP,1.0519333333333334,18,18,-0.016835087719298203
2023,NY,READM-30-PN-HRRP,1.0415405172413794,116,116,-0.0036627885437445773
2023,OH,READM-30-PN-HRRP,1.0026989795918366,98,98,-0.0022233505052509095
2023,OK,READM-30-PN-HRRP,1.0008478260869567,46,46,0.010728260869565243
2023,OR,READM-30-PN-HRRP,0.98565,22,22,0.02812200000000009
2023,PA,READM-30-PN-HRRP,1.0004114285714285,105,105,-0.004019821428571602
2023,RI,READM-30-PN-HRRP,1.0311777777777777,9,9,0.03533333333333333
2023,SC,READM-30-PN-HRRP,1.0189133333333333,45,45,6.666666666665932e-05
2023,SD,READM-30-PN-HRRP,0.9393,8,8,0.026133333333333342
2023,TN,READM-30-PN-HRRP,1.019006153846154,65,65,-0.005614972914409488
2023,TX,READM-30-PN-HRRP,0.9981628571428572,175,175,0.00033758832565300434
2023,UT,READM-30-PN-HRRP,0.96459375,16,16,0.008930592105263258
2023,VA,READM-30-PN-HRRP,1.0029571428571429,63,63,0.00013857142857154336
2023,VT,READM-30-PN-HRRP,0.9749500000000001,6,6,0.0260166666666668
2023,WA,READM-30-PN-HRRP,0.9575875,40,40,0.005032499999999995
2023,WI,READM-30-PN-HRRP,0.9844301886792453,53,53,0.00974053350683135
2023,WV,READM-30-PN-HRRP,1.02325,20,20,-0.00022142857142859462
2023,WY,READM-30-PN-HRRP,0.9606166666666667,6,6,-0.016411904761904794
2024,AK,READM-30-AMI-HRRP,0.9685333333333334,3,3,-0.002666666666666595
2024,AL,READM-30-AMI-HRRP,1.0194,22,22,-0.009112499999999857
2024,AR,READM-30-AMI-HRRP,1.0252050000000001,20,20,-0.002690238095237829
2024,AZ,READM-30-AMI-HRRP,1.0150230769230768,26,26,0.019799743589743457
2024,CA,READM-30-AMI-HRRP,1.0130203883495146,103,103,0.0002160405234277185
2024,CO,READM-30-AMI-HRRP,0.97072,10,10,0.005119999999999902
2024,CT,READM-30-AMI-HRRP,1.00976,10,10,-0.004081666666666761
2024,DC,READM-30-AMI-HRRP,1.0433999999999999,3,3,-0.0031000000000001027
2024,DE,READM-30-AMI-HRRP,0.9297333333333334,3,3,-0.026599999999999957
2024,FL,READM-30-AMI-HRRP,1.029418556701031,97,97,0.005244770293263867
2024,GA,READM-30-AMI-HRRP,1.0121875,32,32,-0.0071842948717948385
2024,HI,READM-30-AMI-HRRP,1.0035,5,5,0.0043400000000000105
2024,IA,READM-30-AMI-HRRP,0.9881615384615384,13,13,0.02693487179487175
2024,ID,READM-30-AMI-HRRP,0.9120333333333334,6,6,-0.0022523809523810057
2024,IL,READM-30-AMI-HRRP,1.021760344827586,58,58,0.002799407327586101
2024,IN,READM-30-AMI-HRRP,1.005890625,32,32,-0.0031218750000001627
2024,KS,READM-30-AMI-HRRP,0.9572142857142857,14,14,-0.02359238095238092
2024,KY,READM-30-AMI-HRRP,1.012763157894737,19,19,-0.01904160401002497
2024,LA,READM-30-AMI-HRRP,1.0348947368421053,19,19,0.008665570175438564
2024,MA,READM-30-AMI-HRRP,1.0618227272727272,22,22,0.010033441558441547
2024,MD,READM-30-AMI-HRRP,0.997604,25,25,0.0035914999999999697
2024,ME,READM-30-AMI-HRRP,0.82755,2,2,-0.09847499999999998
2024,MI,READM-30-AMI-HRRP,1.0210512195121952,41,41,0.009181654294803998
2024,MN,READM-30-AMI-HRRP,0.9664666666666667,12,12,-0.00440666666666667
2024,MO,READM-30-AMI-HRRP,1.0137757575757576,33,33,-0.008121464646464682
2024,MS,READM-30-AMI-HRRP,1.0533176470588237,17,17,-0.0036297213622289437
2024,MT,READM-30-AMI-HRRP,0.95965,6,6,0.0434500000000001
2024,NC,READM-30-AMI-HRRP,1.0051862068965518,29,29,0.010464994775339687
2024,ND,READM-30-AMI-HRRP,0.91408,5,5,-0.009936666666666705
2024,NE,READM-30-AMI-HRRP,0.9860333333333333,9,9,0.021851515151515177
2024,NH,READM-30-AMI-HRRP,1.01,9,9,0.008155555555555472
2024,NJ,READM-30-AMI-HRRP,1.024130303030303,33,33,0.007697870597870526
2024,NM,READM-30-AMI-HRRP,0.9794,5,5,0.0022333333333334204
2024,NV,READM-30-AMI-HRRP,1.0329833333333334,12,12,0.01148333333333329
2024,NY,READM-30-AMI-HRRP,1.027759574468085,47,47,0.002094189852700268
2024,OH,READM-30-AMI-HRRP,1.0273730769230769,52,52,-0.0012356950067475836
2024,OK,READM-30-AMI-HRRP,1.0236625,16,16,0.0033507352941177793
2024,OR,READM-30-AMI-HRRP,0.9374818181818182,11,11,-0.011238181818181814
2024,PA,READM-30-AMI-HRRP,1.014367924528302,53,53,0.012961144867285057
2024,RI,READM-30-AMI-HRRP,1.04505,4,4,0.015374999999999917
2024,SC,READM-30-AMI-HRRP,1.0077631578947368,19,19,0.0032481578947367584
2024,SD,READM-30-AMI-HRRP,0.8599333333333333,3,3,-0.017266666666666652
2024,TN,READM-30-AMI-HRRP,1.0400846153846155,26,26,0.008560477453581017
2024,TX,READM-30-AMI-HRRP,1.0174869565217393,92,92,-0.00337971014492755
2024,UT,READM-30-AMI-HRRP,0.8734,5,5,-0.018500000000000072
2024,VA,READM-30-AMI-HRRP,0.9948552631578946,38,38,0.00990141700404834
2024,VT,READM-30-AMI-HRRP,0.9484,1,1,0.04930000000000001
2024,WA,READM-30-AMI-HRRP,0.977636,25,25,0.010017481481481516
2024,WI,READM-30-AMI-HRRP,0.9886799999999999,20,20,0.008227999999999902
2024,WV,READM-30-AMI-HRRP,1.0355272727272726,11,11,0.023827272727272586
2024,WY,READM-30-AMI-HRRP,0.9765,2,2,4.999999999999449e-05
2024,AL,READM-30-CABG-HRRP,1.0489555555555556,9,9,-0.045902777777777626
2024,AR,READM-30-CABG-HRRP,1.024,6,6,-0.016471428571428692
2024,AZ,READM-30-CABG-HRRP,1.082442857142857,7,7,0.0029095238095238063
2024,CA,READM-30-CABG-HRRP,1.0298461538461539,13,13,-0.0446371794871796
2024,CO,READM-30-CABG-HRRP,1.1199,1,1,0.11509999999999998
2024,CT,READM-30-CABG-HRRP,0.9995333333333334,3,3,-0.08716666666666661
2024,DC,READM-30-CABG-HRRP,1.0171999999999999,2,2,0.0042999999999999705
2024,DE,READM-30-CABG-HRRP,0.9422999999999999,2,2,-0.023500000000000076
2024,FL,READM-30-CABG-HRRP,1.080458064516129,31,31,-0.034527649769585445
2024,GA,READM-30-CABG-HRRP,1.0417545454545454,11,11,-0.019785454545454773
2024,IA,READM-30-CABG-HRRP,1.0095666666666667,3,3,-0.05301333333333336
2024,IL,READM-30-CABG-HRRP,1.0510823529411766,17,17,0.002863305322128973
2024,IN,READM-30-CABG-HRRP,1.0691714285714284,7,7,-0.016728571428571426
2024,KS,READM-30-CABG-HRRP,0.92522,5,5,-0.05565142857142846
2024,KY,READM-30-CABG-HRRP,1.079425,4,4,0.038987500000000175
2024,LA,READM-30-CABG-HRRP,1.05668,5,5,-0.07565333333333335
2024,MA,READM-30-CABG-HRRP,1.041511111111111,9,9,0.03015555555555549
2024,MD,READM-30-CABG-HRRP,1.0295142857142856,7,7,0.004464285714285587
2024,ME,READM-30-CABG-HRRP,0.8713,1,1,-0.06430000000000002
2024,MI,READM-30-CABG-HRRP,1.00801,10,10,-0.002782857142856976
2024,MN,READM-30-CABG-HRRP,1.078425,4,4,0.048891666666666556
2024,MO,READM-30-CABG-HRRP,1.0232375,8,8,0.02391442307692304
2024,MS,READM-30-CABG-HRRP,1.01006,5,5,-0.06263000000000019
2024,MT,READM-30-CABG-HRRP,0.9814999999999999,3,3,0.05109999999999992
2024,NC,READM-30-CABG-HRRP,1.001725,12,12,0.009931249999999947
2024,ND,READM-30-CABG-HRRP,0.9735,1,1,-0.1432
2024,NE,READM-30-CABG-HRRP,0.93462,5,5,0.013053333333333361
2024,NH,READM-30-CABG-HRRP,1.0748666666666666,3,3,0.10249999999999992
2024,NJ,READM-30-CABG-HRRP,1.0020125,8,8,-0.011831944444444353
2024,NM,READM-30-CABG-HRRP,1.1072,1,1,-0.15280000000000005
2024,NV,READM-30-CABG-HRRP,1.0599,1,1,-0.09699999999999998
2024,NY,READM-30-CABG-HRRP,1.03126,15,15,-0.021412222222222166
2024,OH,READM-30-CABG-HRRP,1.03507,10,10,-0.06782375000000007
2024,OK,READM-30-CABG-HRRP,1.0201500000000001,4,4,0.025733333333333497
2024,OR,READM-30-CABG-HRRP,0.9122,2,2,-0.11097500000000016
2024,PA,READM-30-CABG-HRRP,1.0329333333333333,15,15,0.035479999999999956
2024,RI,READM-30-CABG-HRRP,0.9937,1,1,0.01750000000000007
2024,SC,READM-30-CABG-HRRP,1.05573,10,10,-0.0005800000000000249
2024,SD,READM-30-CABG-HRRP,1.0495,1,1,0.15010000000000012
2024,TN,READM-30-CABG-HRRP,1.0218416666666668,12,12,0.0329059523809524
2024,TX,READM-30-CABG-HRRP,1.0465615384615385,26,26,-0.010432905982905805
2024,VA,READM-30-CABG-HRRP,0.9841454545454545,11,11,0.0034097402597402793
2024,WA,READM-30-CABG-HRRP,1.0562285714285715,7,7,0.06676857142857151
2024,WI,READM-30-CABG-HRRP,1.04515,6,6,0.007900000000000018
2024,WV,READM-30-CABG-HRRP,1.10874,5,5,-0.018960000000000088
2024,AK,READM-30-COPD-HRRP,0.99254,5,5,0.0022600000000000398
2024,AL,READM-30-COPD-HRRP,0.9952249999999999,28,28,0.005604069767441766
2024,AR,READM-30-COPD-HRRP,1.0108181818181818,22,22,0.001091258741258816
2024,AZ,READM-30-COPD-HRRP,0.9931739130434782,23,23,0.0027610098176718
2024,CA,READM-30-COPD-HRRP,1.0199514285714286,105,105,0.010564500466853533
2024,CO,READM-30-COPD-HRRP,1.0068375,8,8,0.011084558823529433
2024,CT,READM-30-COPD-HRRP,1.0157173913043478,23,23,-0.012845108695652252
2024,DC,READM-30-COPD-HRRP,1.0902,3,3,0.049025000000000096
2024,DE,READM-30-COPD-HRRP,0.96548,5,5,-0.027203333333333357
2024,FL,READM-30-COPD-HRRP,1.0150691666666667,120,120,0.0040598809523808566
2024,GA,READM-30-COPD-HRRP,1.013313043478261,46,46,0.013632341723874952
2024,HI,READM-30-COPD-HRRP,0.9982,2,2,0.00727499999999992
2024,IA,READM-30-COPD-HRRP,0.9868166666666668,12,12,-0.002577450980392082
2024,ID,READM-30-COPD-HRRP,0.9577,3,3,-0.014328571428571357
2024,IL,READM-30-COPD-HRRP,1.0252024096385544,83,83,0.0007230281952554929
2024,IN,READM-30-COPD-HRRP,1.0017666666666667,45,45,0.0015345911949684599
2024,KS,READM-30-COPD-HRRP,1.00635,12,12,0.009561764705882436
2024,KY,READM-30-COPD-HRRP,1.0281525,40,40,-0.005200561224489864
2024,LA,READM-30-COPD-HRRP,1.0018944444444444,18,18,0.007859150326797515
2024,MA,READM-30-COPD-HRRP,1.042754347826087,46,46,0.003837681159420292
2024,MD,READM-30-COPD-HRRP,0.986792105263158,38,38,0.009077471116816449
2024,ME,READM-30-COPD-HRRP,0.9993399999999999,5,5,0.010306666666666686
2024,MI,READM-30-COPD-HRRP,1.0061132075471697,53,53,-0.0012114301339896105
2024,MN,READM-30-COPD-HRRP,1.0200692307692307,13,13,0.021080995475112996
2024,MO,READM-30-COPD-HRRP,1.012539024390244,41,41,-7.097560975610762e-05
2024,MS,READM-30-COPD-HRRP,1.010445,20,20,-0.0038772222222223096
2024,MT,READM-30-COPD-HRRP,0.99824,5,5,0.027154285714285686
2024,NC,READM-30-COPD-HRRP,1.0049588235294118,51,51,0.006247058823529383
2024,ND,READM-30-COPD-HRRP,0.9998400000000001,5,5,-0.00035999999999991594
2024,NE,READM-30-COPD-HRRP,0.9967,6,6,-0.0039642857142857535
2024,NH,READM-30-COPD-HRRP,0.99362,10,10,-0.02512615384615402
2024,NJ,READM-30-COPD-HRRP,1.0251134615384616,52,52,0.008036268556005588
2024,NM,READM-30-COPD-HRRP,0.9873666666666666,3,3,0.013288888888888795
2024,NV,READM-30-COPD-HRRP,1.0215823529411765,17,17,-0.004239869281045694
2024,NY,READM-30-COPD-HRRP,1.029904705882353,85,85,0.0006753480841876769
2024,OH,READM-30-COPD-HRRP,0.9992226666666666,75,75,-0.0008146959706960555
2024,OK,READM-30-COPD-HRRP,1.0076666666666667,27,27,0.0034636363636364464
2024,OR,READM-30-COPD-HRRP,1.0015125,8,8,0.013105833333333372
2024,PA,READM-30-COPD-HRRP,1.021428,75,75,0.01123799999999986
2024,RI,READM-30-COPD-HRRP,1.05958,5,5,0.0453174999999999
2024,SC,READM-30-COPD-HRRP,1.0006,25,25,-0.007528571428571551
2024,SD,READM-30-COPD-HRRP,0.9526333333333333,3,3,-0.012399999999999967
2024,TN,READM-30-COPD-HRRP,1.0164810810810812,37,37,0.0029544144144144635
2024,TX,READM-30-COPD-HRRP,1.0017112244897959,98,98,0.0034054273883465935
2024,UT,READM-30-COPD-HRRP,0.9424,1,1,-0.06300000000000006
2024,VA,READM-30-COPD-HRRP,0.9944954545454546,44,44,0.000460839160839277
2024,VT,READM-30-COPD-HRRP,0.9889,4,4,-0.01632
2024,WA,READM-30-COPD-HRRP,1.0198083333333334,24,24,0.02241439393939404
2024,WI,READM-30-COPD-HRRP,0.9802625,16,16,-0.01377321428571432
2024,WV,READM-30-COPD-HRRP,1.02355625,16,16,0.011985661764705835
2024,WY,READM-30-COPD-HRRP,0.8972,2,2,-0.014333333333333309
2024,AK,READM-30-HF-HRRP,0.9888600000000001,5,5,0.02127666666666672
2024,AL,READM-30-HF-HRRP,1.0031953488372094,43,43,-0.0008906976744185169
2024,AR,READM-30-HF-HRRP,1.0086806451612904,31,31,-0.01112491039426522
2024,AZ,READM-30-HF-HRRP,0.9902825,40,40,0.01570445121951214
2024,CA,READM-30-HF-HRRP,1.0224702970297028,202,202,0.007841725601131389
2024,CO,READM-30-HF-HRRP,0.947140625,32,32,-0.004606250000000034
2024,CT,READM-30-HF-HRRP,1.0208599999999999,25,25,-0.0007246153846154346
2024,DC,READM-30-HF-HRRP,1.0402166666666666,6,6,-0.0037333333333333663
2024,DE,READM-30-HF-HRRP,0.9547666666666667,6,6,-0.01970000000000005
2024,FL,READM-30-HF-HRRP,1.02515,150,150,-0.0007435064935064073
2024,GA,READM-30-HF-HRRP,1.0108842857142857,70,70,0.0017883953033268618
2024,HI,READM-30-HF-HRRP,0.9659999999999999,9,9,-0.02581
2024,IA,READM-30-HF-HRRP,0.9654115384615385,26,26,0.00681153846153848
2024,ID,READM-30-HF-HRRP,0.91242,10,10,0.0028000000000000247
2024,IL,READM-30-HF-HRRP,1.0204728155339806,103,103,0.0027350796849239245
2024,IN,READM-30-HF-HRRP,1.00054,60,60,0.008052500000000018
2024,KS,READM-30-HF-HRRP,0.9647407407407407,27,27,-0.02010725925925927
2024,KY,READM-30-HF-HRRP,1.008148,50,50,-0.013807555555555462
2024,LA,READM-30-HF-HRRP,1.0134340909090909,44,44,-0.009021909090909164
2024,MA,READM-30-HF-HRRP,1.0506176470588235,51,51,-0.0032313725490196177
2024,MD,READM-30-HF-HRRP,0.9700463414634147,41,41,0.00902682926829279
2024,ME,READM-30-HF-HRRP,0.9614285714285715,14,14,0.014388571428571528
2024,MI,READM-30-HF-HRRP,1.0019791666666666,72,72,0.0004088963963961856
2024,MN,READM-30-HF-HRRP,0.9699903225806452,31,31,0.007102443792766366
2024,MO,READM-30-HF-HRRP,0.9983370370370371,54,54,-0.005138825031928307
2024,MS,READM-30-HF-HRRP,1.0350821428571428,28,28,0.007668629343629441
2024,MT,READM-30-HF-HRRP,0.9320666666666667,9,9,-0.0014083333333333448
2024,NC,READM-30-HF-HRRP,1.0090675324675324,77,77,0.0060948051948053195
2024,ND,READM-30-HF-HRRP,0.9303166666666667,6,6,0.010916666666666686
2024,NE,READM-30-HF-HRRP,0.9615888888888888,18,18,0.002088888888888807
2024,NH,READM-30-HF-HRRP,0.9956615384615385,13,13,-0.016815384615384565
2024,NJ,READM-30-HF-HRRP,1.01964,60,60,-0.0026229032258062723
2024,NM,READM-30-HF-HRRP,0.9885384615384616,13,13,-0.00753076923076923
2024,NV,READM-30-HF-HRRP,1.0401222222222222,18,18,-0.01311988304093581
2024,NY,READM-30-HF-HRRP,1.0192732758620688,116,116,-0.009210195212311367
2024,OH,READM-30-HF-HRRP,1.0026485148514852,101,101,0.0008847053276757055
2024,OK,READM-30-HF-HRRP,0.9938,37,37,-0.006162790697674336
2024,OR,READM-30-HF-HRRP,0.9484083333333334,24,24,-0.0007953703703702519
2024,PA,READM-30-HF-HRRP,1.0016811320754717,106,106,0.009307024932614594
2024,RI,READM-30-HF-HRRP,0.9864333333333334,9,9,-0.024555555555555553
2024,SC,READM-30-HF-HRRP,1.001857142857143,42,42,-0.003979220779220638
2024,SD,READM-30-HF-HRRP,0.8902333333333333,6,6,-0.028391666666666704
2024,TN,READM-30-HF-HRRP,0.9998641509433963,53,53,-0.006290235021515933
2024,TX,READM-30-HF-HRRP,1.009957738095238,168,168,-0.0003772081413211392
2024,UT,READM-30-HF-HRRP,0.9230700000000001,10,10,0.005024545454545559
2024,VA,READM-30-HF-HRRP,1.0023878787878788,66,66,0.0034422905525848257
2024,VT,READM-30-HF-HRRP,1.0773166666666667,6,6,0.010866666666666802
2024,WA,READM-30-HF-HRRP,0.9519268292682926,41,41,-0.00832926829268299
2024,WI,READM-30-HF-HRRP,0.9796326923076923,52,52,0.007727136752136765
2024,WV,READM-30-HF-HRRP,1.029505,20,20,-0.0049200000000002575
2024,WY,READM-30-HF-HRRP,0.930875,4,4,-0.03389999999999993
2024,AK,READM-30-HIP-KNEE-HRRP,0.875,1,1,-0.2842500000000001
2024,AL,READM-30-HIP-KNEE-HRRP,1.171325,4,4,0.11623269230769218
2024,AR,READM-30-HIP-KNEE-HRRP,1.0687,2,2,-0.0015624999999999112
2024,AZ,READM-30-HIP-KNEE-HRRP,1.0311375,8,8,0.046801136363636364
2024,CA,READM-30-HIP-KNEE-HRRP,0.9469280000000001,25,25,-0.05918057142857125
2024,CO,READM-30-HIP-KNEE-HRRP,1.0141666666666667,3,3,0.09434166666666666
2024,CT,READM-30-HIP-KNEE-HRRP,1.0015625,8,8,-0.04267916666666682
2024,DC,READM-30-HIP-KNEE-HRRP,1.2662,1,1,0.2145999999999999
2024,DE,READM-30-HIP-KNEE-HRRP,0.9029,1,1,-0.02200000000000002
2024,FL,READM-30-HIP-KNEE-HRRP,1.0798296296296297,27,27,-0.0014488017429192812
2024,GA,READM-30-HIP-KNEE-HRRP,1.1613,2,2,0.056543750000000115
2024,IA,READM-30-HIP-KNEE-HRRP,0.9354,4,4,0.02190000000000003
2024,IL,READM-30-HIP-KNEE-HRRP,1.0801083333333332,24,24,0.005986458333333333
2024,IN,READM-30-HIP-KNEE-HRRP,0.9348125,8,8,-0.13149166666666656
2024,KS,READM-30-HIP-KNEE-HRRP,0.8703666666666666,6,6,-0.10041666666666671
2024,KY,READM-30-HIP-KNEE-HRRP,1.2136833333333332,6,6,0.12380333333333327
2024,LA,READM-30-HIP-KNEE-HRRP,1.0257,2,2,0.015157142857142869
2024,MA,READM-30-HIP-KNEE-HRRP,1.095990909090909,22,22,-0.019712794612794626
2024,MD,READM-30-HIP-KNEE-HRRP,1.179675,4,4,0.15517500000000006
2024,MI,READM-30-HIP-KNEE-HRRP,1.11031,10,10,0.0031957142857141907
2024,MN,READM-30-HIP-KNEE-HRRP,1.04192,5,5,0.050762857142857
2024,MO,READM-30-HIP-KNEE-HRRP,1.0708625,8,8,0.030321323529411748
2024,MS,READM-30-HIP-KNEE-HRRP,1.03646,5,5,-0.006890000000000063
2024,MT,READM-30-HIP-KNEE-HRRP,1.3381,1,1,0.30345
2024,NC,READM-30-HIP-KNEE-HRRP,1.0739368421052633,19,19,-0.03590389863547738
2024,ND,READM-30-HIP-KNEE-HRRP,0.8867,1,1,-0.11699999999999999
2024,NE,READM-30-HIP-KNEE-HRRP,0.95725,2,2,-0.024787500000000073
2024,NJ,READM-30-HIP-KNEE-HRRP,1.0856928571428572,14,14,-0.008297619047618943
2024,NM,READM-30-HIP-KNEE-HRRP,1.0708,1,1,0.024149999999999894
2024,NV,READM-30-HIP-KNEE-HRRP,1.02715,2,2,-0.09295000000000009
2024,NY,READM-30-HIP-KNEE-HRRP,0.9733285714285715,21,21,-0.045974369747899146
2024,OH,READM-30-HIP-KNEE-HRRP,0.9474714285714286,7,7,-0.043181904761904644
2024,OK,READM-30-HIP-KNEE-HRRP,1.00328,10,10,-0.028403333333333336
2024,OR,READM-30-HIP-KNEE-HRRP,0.9748,3,3,0.02976666666666672
2024,PA,READM-30-HIP-KNEE-HRRP,1.0244272727272727,22,22,-0.0036159705159704014
2024,RI,READM-30-HIP-KNEE-HRRP,0.9893000000000001,2,2,-0.02970000000000006
2024,SC,READM-30-HIP-KNEE-HRRP,1.163975,4,4,0.15907500000000008
2024,SD,READM-30-HIP-KNEE-HRRP,1.001975,4,4,0.089275
2024,TN,READM-30-HIP-KNEE-HRRP,0.9418333333333333,9,9,-0.06311904761904752
2024,TX,READM-30-HIP-KNEE-HRRP,1.034409523809524,21,21,-0.036395238095237925
2024,UT,READM-30-HIP-KNEE-HRRP,1.11265,2,2,0.08987499999999993
2024,VA,READM-30-HIP-KNEE-HRRP,0.9683916666666667,12,12,-0.007000333333333275
2024,WA,READM-30-HIP-KNEE-HRRP,1.01335,2,2,0.06794090909090911
2024,WI,READM-30-HIP-KNEE-HRRP,0.94085,4,4,-0.06685000000000008
2024,WV,READM-30-HIP-KNEE-HRRP,1.2266,1,1,0.17345999999999995
2024,AK,READM-30-PN-HRRP,0.9966799999999999,5,5,0.021863333333333124
2024,AL,READM-30-PN-HRRP,1.006979069767442,43,43,-0.01436893023255803
2024,AR,READM-30-PN-HRRP,1.0291322580645161,31,31,0.009647883064516138
2024,AZ,READM-30-PN-HRRP,0.9954952380952381,42,42,0.0025819047619047852
2024,CA,READM-30-PN-HRRP,1.0276538461538463,195,195,0.011709827015090157
2024,CO,READM-30-PN-HRRP,0.9691666666666667,24,24,0.0044000000000000705
2024,CT,READM-30-PN-HRRP,1.0110083333333333,24,24,0.0051160256410254235
2024,DC,READM-30-PN-HRRP,1.0144333333333333,6,6,-0.006699999999999928
2024,DE,READM-30-PN-HRRP,0.96965,6,6,-0.0024333333333332874
2024,FL,READM-30-PN-HRRP,1.0077344370860928,151,151,0.0028879854731895804
2024,GA,READM-30-PN-HRRP,1.0070529411764706,68,68,0.004683496732026171
2024,HI,READM-30-PN-HRRP,1.000225,8,8,0.02696944444444438
2024,IA,READM-30-PN-HRRP,0.959084,25,25,0.00960900000000009
2024,ID,READM-30-PN-HRRP,0.9279714285714286,7,7,0.0033414285714286063
2024,IL,READM-30-PN-HRRP,1.0219505154639175,97,97,-6.210589530586397e-05
2024,IN,READM-30-PN-HRRP,0.9808272727272728,55,55,-0.007195804195804234
2024,KS,READM-30-PN-HRRP,0.9834814814814814,27,27,-0.0026542328042328256
2024,KY,READM-30-PN-HRRP,1.0126686274509804,51,51,0.0011223311546841863
2024,LA,READM-30-PN-HRRP,1.0016461538461539,39,39,-0.01045592948717955
2024,MA,READM-30-PN-HRRP,1.04749,50,50,0.002501764705882259
2024,MD,READM-30-PN-HRRP,0.9812948717948717,39,39,0.00765237179487166
2024,ME,READM-30-PN-HRRP,0.9656714285714286,14,14,0.0021214285714286074
2024,MI,READM-30-PN-HRRP,1.011131884057971,69,69,0.0012620210442724211
2024,MN,READM-30-PN-HRRP,0.9970541666666666,24,24,-0.015803525641025606
2024,MO,READM-30-PN-HRRP,1.0023584905660377,53,53,-0.008936424688199773
2024,MS,READM-30-PN-HRRP,1.0293055555555555,36,36,0.001955555555555488
2024,MT,READM-30-PN-HRRP,0.9377555555555556,9,9,-0.022500000000000075
2024,NC,READM-30-PN-HRRP,0.9886861111111112,72,72,-0.0023392222222221593
2024,ND,READM-30-PN-HRRP,0.9664833333333332,6,6,0.01423333333333332
2024,NE,READM-30-PN-HRRP,0.9768214285714285,14,14,0.0019401785714284747
2024,NH,READM-30-PN-HRRP,1.0222076923076924,13,13,0.01665384615384613
2024,NJ,READM-30-PN-HRRP,1.0347372881355932,59,59,0.00973564879133093
2024,NM,READM-30-PN-HRRP,1.0007833333333334,12,12,0.016014102564102628
2024,NV,READM-30-PN-HRRP,1.0281722222222223,18,18,-0.02376111111111112
2024,NY,READM-30-PN-HRRP,1.0329625,112,112,-0.00857801724137941
2024,OH,READM-30-PN-HRRP,1.006082222222222,90,90,0.0033832426303854746
2024,OK,READM-30-PN-HRRP,0.9997184210526315,38,38,-0.001129405034325126
2024,OR,READM-30-PN-HRRP,0.9699736842105263,19,19,-0.015676315789473705
2024,PA,READM-30-PN-HRRP,1.0044463917525774,97,97,0.004034963181148932
2024,RI,READM-30-PN-HRRP,1.0159375,8,8,-0.015240277777777811
2024,SC,READM-30-PN-HRRP,1.010425,44,44,-0.008488333333333431
2024,SD,READM-30-PN-HRRP,0.9453142857142858,7,7,0.00601428571428575
2024,TN,READM-30-PN-HRRP,1.002377966101695,59,59,-0.016628187744458955
2024,TX,READM-30-PN-HRRP,1.0027012195121952,164,164,0.004538362369337912
2024,UT,READM-30-PN-HRRP,0.9515000000000001,12,12,-0.013093749999999904
2024,VA,READM-30-PN-HRRP,1.00539375,64,64,0.0024366071428572056
2024,VT,READM-30-PN-HRRP,0.9867000000000001,5,5,0.011750000000000038
2024,WA,READM-30-PN-HRRP,0.9730475000000001,40,40,0.01546000000000003
2024,WI,READM-30-PN-HRRP,0.9892179487179488,39,39,0.004787760038703515
2024,WV,READM-30-PN-HRRP,1.0095105263157895,19,19,-0.013739473684210468
2024,WY,READM-30-PN-HRRP,0.97545,4,4,0.014833333333333365
2025,AK,READM-30-AMI-HRRP,0.9636999999999999,3,3,-0.004833333333333467
2025,AL,READM-30-AMI-HRRP,1.02555,22,22,0.006149999999999878
2025,AR,READM-30-AMI-HRRP,1.029915,20,20,0.00470999999999977
2025,AZ,READM-30-AMI-HRRP,1.0170785714285715,28,28,0.0020554945054946927
2025,CA,READM-30-AMI-HRRP,1.0158072727272727,110,110,0.002786884377758092
2025,CO,READM-30-AMI-HRRP,0.9693454545454546,11,11,-0.0013745454545454061
2025,CT,READM-30-AMI-HRRP,1.0081799999999999,10,10,-0.0015800000000001369
2025,DC,READM-30-AMI-HRRP,1.01065,2,2,-0.032749999999999835
2025,DE,READM-30-AMI-HRRP,0.9363250000000001,4,4,0.006591666666666662
2025,FL,READM-30-AMI-HRRP,1.0315188679245282,106,106,0.0021003112234971866
2025,GA,READM-30-AMI-HRRP,0.9996842105263157,38,38,-0.012503289473684287
2025,HI,READM-30-AMI-HRRP,1.02112,5,5,0.01761999999999997
2025,IA,READM-30-AMI-HRRP,0.9941857142857142,14,14,0.006024175824175804
2025,ID,READM-30-AMI-HRRP,0.8894285714285715,7,7,-0.022604761904761905
2025,IL,READM-30-AMI-HRRP,1.0299763636363637,55,55,0.008216018808777648
2025,IN,READM-30-AMI-HRRP,1.0063852941176472,34,34,0.0004946691176472839
2025,KS,READM-30-AMI-HRRP,0.9312571428571428,14,14,-0.0259571428571429
2025,KY,READM-30-AMI-HRRP,1.0106111111111111,18,18,-0.002152046783625794
2025,LA,READM-30-AMI-HRRP,1.0309210526315788,19,19,-0.0039736842105264625
2025,MA,READM-30-AMI-HRRP,1.0641958333333335,24,24,0.002373106060606256
2025,MD,READM-30-AMI-HRRP,0.9849826086956521,23,23,-0.012621391304347918
2025,ME,READM-30-AMI-HRRP,0.8332333333333333,3,3,0.0056833333333332625
2025,MI,READM-30-AMI-HRRP,1.011180487804878,41,41,-0.009870731707317226
2025,MN,READM-30-AMI-HRRP,0.9809466666666666,15,15,0.014479999999999937
2025,MO,READM-30-AMI-HRRP,1.0190794117647057,34,34,0.005303654188948181
2025,MS,READM-30-AMI-HRRP,1.0398263157894736,19,19,-0.013491331269350093
2025,MT,READM-30-AMI-HRRP,0.9642166666666666,6,6,0.004566666666666608
2025,NC,READM-30-AMI-HRRP,0.9997806451612903,31,31,-0.0054055617352615215
2025,ND,READM-30-AMI-HRRP,0.90772,5,5,-0.006360000000000032
2025,NE,READM-30-AMI-HRRP,0.963111111111111,9,9,-0.022922222222222288
2025,NH,READM-30-AMI-HRRP,1.0011999999999999,9,9,-0.008800000000000141
2025,NJ,READM-30-AMI-HRRP,1.032277142857143,35,35,0.008146839826839836
2025,NM,READM-30-AMI-HRRP,0.9914666666666666,9,9,0.012066666666666559
2025,NV,READM-30-AMI-HRRP,1.01437,10,10,-0.01861333333333337
2025,NY,READM-30-AMI-HRRP,1.0186,50,50,-0.009159574468085019
2025,OH,READM-30-AMI-HRRP,1.026990909090909,55,55,-0.00038216783216782346
2025,OK,READM-30-AMI-HRRP,1.01535,18,18,-0.008312499999999945
2025,OR,READM-30-AMI-HRRP,0.9306214285714286,14,14,-0.0068603896103895945
2025,PA,READM-30-AMI-HRRP,1.0192818181818182,55,55,0.004913893653516244
2025,RI,READM-30-AMI-HRRP,1.076675,4,4,0.031625000000000014
2025,SC,READM-30-AMI-HRRP,1.007536842105263,19,19,-0.0002263157894737411
2025,SD,READM-30-AMI-HRRP,0.8876,4,4,0.027666666666666617
2025,TN,READM-30-AMI-HRRP,1.019146153846154,26,26,-0.020938461538461572
2025,TX,READM-30-AMI-HRRP,1.028248514851485,101,101,0.01076155832974579
2025,UT,READM-30-AMI-HRRP,0.85922,5,5,-0.01417999999999997
2025,VA,READM-30-AMI-HRRP,0.996771052631579,38,38,0.001915789473684315
2025,VT,READM-30-AMI-HRRP,0.914,1,1,-0.034399999999999986
2025,WA,READM-30-AMI-HRRP,0.9724153846153846,26,26,-0.005220615384615379
2025,WI,READM-30-AMI-HRRP,1.0061727272727272,22,22,0.017492727272727326
2025,WV,READM-30-AMI-HRRP,1.0270636363636363,11,11,-0.00846363636363634
2025,WY,READM-30-AMI-HRRP,0.94285,2,2,-0.03365000000000007
2025,AL,READM-30-CABG-HRRP,1.0593777777777778,9,9,0.01042222222222211
2025,AR,READM-30-CABG-HRRP,1.0182499999999999,6,6,-0.005750000000000144
2025,AZ,READM-30-CABG-HRRP,1.06577,10,10,-0.016672857142856934
2025,CA,READM-30-CABG-HRRP,1.0459647058823531,17,17,0.016118552036199274
2025,CO,READM-30-CABG-HRRP,1.0872,1,1,-0.03269999999999995
2025,CT,READM-30-CABG-HRRP,0.9857999999999999,3,3,-0.013733333333333486
2025,DC,READM-30-CABG-HRRP,0.99,2,2,-0.02719999999999989
2025,DE,READM-30-CABG-HRRP,0.9571000000000001,2,2,0.014800000000000146
2025,FL,READM-30-CABG-HRRP,1.0494486486486487,37,37,-0.031009415867480294
2025,GA,READM-30-CABG-HRRP,1.0247600000000001,10,10,-0.016994545454545262
2025,HI,READM-30-CABG-HRRP,1.0076,1,1,0.1484000000000001
2025,IA,READM-30-CABG-HRRP,1.0636,2,2,0.05403333333333338
2025,ID,READM-30-CABG-HRRP,1.0492,1,1,0.09144999999999992
2025,IL,READM-30-CABG-HRRP,1.0166263157894737,19,19,-0.03445603715170287
2025,IN,READM-30-CABG-HRRP,1.05716,10,10,-0.01201142857142834
2025,KS,READM-30-CABG-HRRP,0.9519,5,5,0.026679999999999926
2025,KY,READM-30-CABG-HRRP,1.079575,4,4,0.00014999999999987246
2025,LA,READM-30-CABG-HRRP,1.1298400000000002,5,5,0.07316000000000011
2025,MA,READM-30-CABG-HRRP,1.0212333333333334,9,9,-0.020277777777777617
2025,MD,READM-30-CABG-HRRP,0.985725,8,8,-0.04378928571428564
2025,ME,READM-30-CABG-HRRP,0.8841,1,1,0.012800000000000034
2025,MI,READM-30-CABG-HRRP,1.0009666666666668,9,9,-0.00704333333333329
2025,MN,READM-30-CABG-HRRP,1.0138500000000001,4,4,-0.06457499999999983
2025,MO,READM-30-CABG-HRRP,1.0222083333333334,12,12,-0.0010291666666666366
2025,MS,READM-30-CABG-HRRP,1.0230571428571429,7,7,0.01299714285714293
2025,MT,READM-30-CABG-HRRP,1.0041,3,3,0.022600000000000064
2025,NC,READM-30-CABG-HRRP,0.9684846153846153,13,13,-0.0332403846153847
2025,ND,READM-30-CABG-HRRP,1.0079,2,2,0.034399999999999986
2025,NE,READM-30-CABG-HRRP,0.960825,4,4,0.026205000000000034
2025,NH,READM-30-CABG-HRRP,1.055725,4,4,-0.019141666666666612
2025,NJ,READM-30-CABG-HRRP,1.0088375,8,8,0.006825000000000081
2025,NM,READM-30-CABG-HRRP,1.0231,2,2,-0.08410000000000006
2025,NV,READM-30-CABG-HRRP,1.1076333333333332,3,3,0.04773333333333318
2025,NY,READM-30-CABG-HRRP,1.018,14,14,-0.01326000000000005
2025,OH,READM-30-CABG-HRRP,1.02806875,16,16,-0.007001249999999848
2025,OK,READM-30-CABG-HRRP,0.9899249999999999,4,4,-0.03022500000000017
2025,OR,READM-30-CABG-HRRP,0.9354333333333332,3,3,0.023233333333333217
2025,PA,READM-30-CABG-HRRP,1.0280058823529412,17,17,-0.004927450980392045
2025,RI,READM-30-CABG-HRRP,0.9346,1,1,-0.05910000000000004
2025,SC,READM-30-CABG-HRRP,1.03873,10,10,-0.017000000000000126
2025,SD,READM-30-CABG-HRRP,0.9245,2,2,-0.1250000000000001
2025,TN,READM-30-CABG-HRRP,1.0393533333333334,15,15,0.017511666666666592
2025,TX,READM-30-CABG-HRRP,1.0226685714285715,35,35,-0.02389296703296706
2025,VA,READM-30-CABG-HRRP,0.9822846153846154,13,13,-0.0018608391608391228
2025,VT,READM-30-CABG-HRRP,0.8623,1,1,0.02939999999999998
2025,WA,READM-30-CABG-HRRP,0.9786999999999999,8,8,-0.07752857142857161
2025,WI,READM-30-CABG-HRRP,1.0413142857142856,7,7,-0.0038357142857143867
2025,WV,READM-30-CABG-HRRP,1.054075,4,4,-0.054664999999999964
2025,AK,READM-30-COPD-HRRP,1.02295,4,4,0.030410000000000048
2025,AL,READM-30-COPD-HRRP,0.9964357142857143,28,28,0.0012107142857143982
2025,AR,READM-30-COPD-HRRP,1.0051863636363636,22,22,-0.005631818181818238
2025,AZ,READM-30-COPD-HRRP,0.9990826086956521,23,23,0.00590869565217389
2025,CA,READM-30-COPD-HRRP,1.021629661016949,118,118,0.0016782324455204556
2025,CO,READM-30-COPD-HRRP,0.9943285714285715,7,7,-0.012508928571428601
2025,CT,READM-30-COPD-HRRP,1.0119,24,24,-0.0038173913043477725
2025,DC,READM-30-COPD-HRRP,1.0509249999999999,4,4,-0.03927500000000017
2025,DE,READM-30-COPD-HRRP,0.97028,5,5,0.0048000000000000265
2025,FL,READM-30-COPD-HRRP,1.0129328,125,125,-0.0021363666666667225
2025,GA,READM-30-COPD-HRRP,1.0177176470588234,51,51,0.004404603580562494
2025,HI,READM-30-COPD-HRRP,1.01435,2,2,0.01615000000000011
2025,IA,READM-30-COPD-HRRP,0.9979615384615385,13,13,0.011144871794871669
2025,ID,READM-30-COPD-HRRP,0.93935,2,2,-0.018349999999999977
2025,IL,READM-30-COPD-HRRP,1.022479069767442,86,86,-0.0027233398711123957
2025,IN,READM-30-COPD-HRRP,1.0159408163265307,49,49,0.014174149659863966
2025,KS,READM-30-COPD-HRRP,1.001625,12,12,-0.00472500000000009
2025,KY,READM-30-COPD-HRRP,1.027908108108108,37,37,-0.00024439189189195965
2025,LA,READM-30-COPD-HRRP,0.9976181818181818,22,22,-0.0042762626262625725
2025,MA,READM-30-COPD-HRRP,1.045272340425532,47,47,0.0025179925994449626
2025,MD,READM-30-COPD-HRRP,0.9868702702702703,37,37,7.816500711232965e-05
2025,ME,READM-30-COPD-HRRP,1.00445,4,4,0.00511000000000017
2025,MI,READM-30-COPD-HRRP,1.0130905660377358,53,53,0.006977358490566132
2025,MN,READM-30-COPD-HRRP,1.0079615384615386,13,13,-0.012107692307692153
2025,MO,READM-30-COPD-HRRP,1.0148928571428573,42,42,0.0023538327526133607
2025,MS,READM-30-COPD-HRRP,1.013252380952381,21,21,0.002807380952380978
2025,MT,READM-30-COPD-HRRP,0.98378,5,5,-0.014460000000000028
2025,NC,READM-30-COPD-HRRP,1.0043666666666666,54,54,-0.0005921568627451634
2025,ND,READM-30-COPD-HRRP,0.99672,5,5,-0.0031200000000000117
2025,NE,READM-30-COPD-HRRP,1.0077714285714285,7,7,0.01107142857142851
2025,NH,READM-30-COPD-HRRP,0.98955,10,10,-0.004069999999999907
2025,NJ,READM-30-COPD-HRRP,1.0261816326530613,49,49,0.0010681711145996697
2025,NM,READM-30-COPD-HRRP,0.9971714285714286,7,7,0.009804761904761983
2025,NV,READM-30-COPD-HRRP,1.0159266666666666,15,15,-0.005655686274509852
2025,NY,READM-30-COPD-HRRP,1.0302516853932584,89,89,0.0003469795109054541
2025,OH,READM-30-COPD-HRRP,1.0077054054054053,74,74,0.008482738738738727
2025,OK,READM-30-COPD-HRRP,1.023,23,23,0.015333333333333199
2025,OR,READM-30-COPD-HRRP,0.97735,8,8,-0.024162499999999976
2025,PA,READM-30-COPD-HRRP,1.0230430555555554,72,72,0.0016150555555554114
2025,RI,READM-30-COPD-HRRP,1.0716,5,5,0.012020000000000142
2025,SC,READM-30-COPD-HRRP,1.0005076923076923,26,26,-9.230769230761382e-05
2025,SD,READM-30-COPD-HRRP,0.9591666666666666,3,3,0.00653333333333328
2025,TN,READM-30-COPD-HRRP,1.0152894736842106,38,38,-0.0011916073968705199
2025,TX,READM-30-COPD-HRRP,1.0114676767676767,99,99,0.0097564522778808
2025,UT,READM-30-COPD-HRRP,0.95035,2,2,0.007950000000000013
2025,VA,READM-30-COPD-HRRP,0.9954489361702127,47,47,0.0009534816247580569
2025,VT,READM-30-COPD-HRRP,1.006625,4,4,0.017725000000000102
2025,WA,READM-30-COPD-HRRP,1.025090909090909,22,22,0.005282575757575625
2025,WI,READM-30-COPD-HRRP,0.982370588235294,17,17,0.002108088235293959
2025,WV,READM-30-COPD-HRRP,1.0228375,16,16,-0.0007187499999998792
2025,WY,READM-30-COPD-HRRP,0.9173,2,2,0.020100000000000007
2025,AK,READM-30-HF-HRRP,1.0136666666666667,6,6,0.024806666666666644
2025,AL,READM-30-HF-HRRP,1.010536956521739,46,46,0.007341607684529627
2025,AR,READM-30-HF-HRRP,1.0129857142857144,28,28,0.004305069124423966
2025,AZ,READM-30-HF-HRRP,0.9992217391304348,46,46,0.008939239130434817
2025,CA,READM-30-HF-HRRP,1.0215271844660194,206,206,-0.0009431125636834015
2025,CO,READM-30-HF-HRRP,0.9574323529411766,34,34,0.01029172794117661
2025,CT,READM-30-HF-HRRP,1.0222208333333334,24,24,0.0013608333333334777
2025,DC,READM-30-HF-HRRP,1.006,6,6,-0.03421666666666656
2025,DE,READM-30-HF-HRRP,0.9612166666666667,6,6,0.006450000000000067
2025,FL,READM-30-HF-HRRP,1.027025165562914,151,151,0.0018751655629138941
2025,GA,READM-30-HF-HRRP,1.0110216216216217,74,74,0.00013733590733600032
2025,HI,READM-30-HF-HRRP,0.9877222222222222,9,9,0.02172222222222231
2025,IA,READM-30-HF-HRRP,0.9743961538461539,26,26,0.008984615384615369
2025,ID,READM-30-HF-HRRP,0.89498,10,10,-0.01744000000000001
2025,IL,READM-30-HF-HRRP,1.0211533980582523,103,103,0.0006805825242717223
2025,IN,READM-30-HF-HRRP,0.9995714285714286,63,63,-0.0009685714285714297
2025,KS,READM-30-HF-HRRP,0.9649192307692308,26,26,0.0001784900284901303
2025,KY,READM-30-HF-HRRP,1.00703,50,50,-0.0011179999999999524
2025,LA,READM-30-HF-HRRP,1.0078533333333333,45,45,-0.0055807575757576
2025,MA,READM-30-HF-HRRP,1.0477607843137255,51,51,-0.002856862745097999
2025,MD,READM-30-HF-HRRP,0.9721875000000001,40,40,0.0021411585365853636
2025,ME,READM-30-HF-HRRP,0.95585,14,14,-0.005578571428571544
2025,MI,READM-30-HF-HRRP,1.0050819444444443,72,72,0.0031027777777776766
2025,MN,READM-30-HF-HRRP,0.9631909090909091,33,33,-0.006799413489736117
2025,MO,READM-30-HF-HRRP,1.0029867924528302,53,53,0.004649755415793044
2025,MS,READM-30-HF-HRRP,1.019896875,32,32,-0.015185267857142914
2025,MT,READM-30-HF-HRRP,0.9327,9,9,0.0006333333333332636
2025,NC,READM-30-HF-HRRP,1.011872,75,75,0.0028044675324676582
2025,ND,READM-30-HF-HRRP,0.9255666666666666,6,6,-0.004750000000000032
2025,NE,READM-30-HF-HRRP,0.9552588235294117,17,17,-0.006330065359477111
2025,NH,READM-30-HF-HRRP,0.9938307692307693,13,13,-0.0018307692307691914
2025,NJ,READM-30-HF-HRRP,1.025035593220339,59,59,0.00539559322033889
2025,NM,READM-30-HF-HRRP,0.9782692307692307,13,13,-0.01026923076923092
2025,NV,READM-30-HF-HRRP,1.0257055555555554,18,18,-0.014416666666666744
2025,NY,READM-30-HF-HRRP,1.019359649122807,114,114,8.637326073812623e-05
2025,OH,READM-30-HF-HRRP,1.0058421568627451,102,102,0.003193642011259934
2025,OK,READM-30-HF-HRRP,0.9930270270270269,37,37,-0.0007729729729730739
2025,OR,READM-30-HF-HRRP,0.9462653846153846,26,26,-0.002142948717948845
2025,PA,READM-30-HF-HRRP,1.0012075471698114,106,106,-0.0004735849056602959
2025,RI,READM-30-HF-HRRP,0.9794777777777779,9,9,-0.006955555555555493
2025,SC,READM-30-HF-HRRP,1.0125809523809524,42,42,0.010723809523809358
2025,SD,READM-30-HF-HRRP,0.9175111111111112,9,9,0.027277777777777845
2025,TN,READM-30-HF-HRRP,1.0019877192982456,57,57,0.002123568354849281
2025,TX,READM-30-HF-HRRP,1.0056264367816092,174,174,-0.004331301313628799
2025,UT,READM-30-HF-HRRP,0.9054833333333333,12,12,-0.01758666666666675
2025,VA,READM-30-HF-HRRP,0.9969803030303032,66,66,-0.005407575757575667
2025,VT,READM-30-HF-HRRP,1.0704666666666667,6,6,-0.006850000000000023
2025,WA,READM-30-HF-HRRP,0.945604761904762,42,42,-0.006322067363530692
2025,WI,READM-30-HF-HRRP,0.9799384615384615,52,52,0.0003057692307691928
2025,WV,READM-30-HF-HRRP,1.0321421052631579,19,19,0.0026371052631579683
2025,WY,READM-30-HF-HRRP,0.9408200000000001,5,5,0.009945000000000093
2025,AK,READM-30-HIP-KNEE-HRRP,1.0117,1,1,0.13670000000000004
2025,AL,READM-30-HIP-KNEE-HRRP,1.1007200000000001,5,5,-0.0706049999999998
2025,AR,READM-30-HIP-KNEE-HRRP,0.6373,1,1,-0.4314
2025,AZ,READM-30-HIP-KNEE-HRRP,1.0318571428571428,7,7,0.000719642857142766
2025,CA,READM-30-HIP-KNEE-HRRP,0.9307727272727273,22,22,-0.016155272727272796
2025,CO,READM-30-HIP-KNEE-HRRP,1.0557,3,3,0.04153333333333342
2025,CT,READM-30-HIP-KNEE-HRRP,0.992025,4,4,-0.009537499999999866
2025,FL,READM-30-HIP-KNEE-HRRP,1.1057583333333334,24,24,0.025928703703703704
2025,IA,READM-30-HIP-KNEE-HRRP,0.98045,2,2,0.045050000000000034
2025,IL,READM-30-HIP-KNEE-HRRP,1.0900333333333332,21,21,0.009924999999999962
2025,IN,READM-30-HIP-KNEE-HRRP,0.96567,10,10,0.030857499999999982
2025,KS,READM-30-HIP-KNEE-HRRP,0.8180571428571428,7,7,-0.052309523809523806
2025,KY,READM-30-HIP-KNEE-HRRP,1.179025,4,4,-0.034658333333333236
2025,LA,READM-30-HIP-KNEE-HRRP,1.0685,3,3,0.04279999999999995
2025,MA,READM-30-HIP-KNEE-HRRP,1.0986449999999999,20,20,0.002654090909090856
2025,MD,READM-30-HIP-KNEE-HRRP,1.2011333333333332,3,3,0.021458333333333135
2025,ME,READM-30-HIP-KNEE-HRRP,0.8794,1,1,-0.03964999999999996
2025,MI,READM-30-HIP-KNEE-HRRP,1.12284,5,5,0.012530000000000152
2025,MN,READM-30-HIP-KNEE-HRRP,0.9681142857142857,7,7,-0.07380571428571425
2025,MO,READM-30-HIP-KNEE-HRRP,1.1072125000000002,8,8,0.036350000000000104
2025,MS,READM-30-HIP-KNEE-HRRP,1.1096,3,3,0.07313999999999998
2025,NC,READM-30-HIP-KNEE-HRRP,1.0391714285714286,14,14,-0.034765413533834666
2025,ND,READM-30-HIP-KNEE-HRRP,0.7183,1,1,-0.1684
2025,NE,READM-30-HIP-KNEE-HRRP,0.7504,1,1,-0.2068500000000001
2025,NJ,READM-30-HIP-KNEE-HRRP,1.1002363636363635,11,11,0.01454350649350622
2025,NM,READM-30-HIP-KNEE-HRRP,1.1005500000000001,2,2,0.029750000000000165
2025,NV,READM-30-HIP-KNEE-HRRP,1.0895000000000001,2,2,0.06235000000000013
2025,NY,READM-30-HIP-KNEE-HRRP,0.9380000000000001,18,18,-0.03532857142857149
2025,OH,READM-30-HIP-KNEE-HRRP,0.9964999999999999,5,5,0.04902857142857131
2025,OK,READM-30-HIP-KNEE-HRRP,0.9329285714285714,7,7,-0.07035142857142851
2025,OR,READM-30-HIP-KNEE-HRRP,0.9503,1,1,-0.024499999999999966
2025,PA,READM-30-HIP-KNEE-HRRP,1.0289086956521738,23,23,0.004481422924901057
2025,RI,READM-30-HIP-KNEE-HRRP,0.9212,2,2,-0.06810000000000005
2025,SC,READM-30-HIP-KNEE-HRRP,1.1637000000000002,3,3,-0.0002749999999998032
2025,SD,READM-30-HIP-KNEE-HRRP,0.8935666666666666,3,3,-0.10840833333333344
2025,TN,READM-30-HIP-KNEE-HRRP,1.0354875000000001,8,8,0.09365416666666682
2025,TX,READM-30-HIP-KNEE-HRRP,0.9860476190476191,21,21,-0.04836190476190483
2025,UT,READM-30-HIP-KNEE-HRRP,1.24485,2,2,0.1322000000000001
2025,VA,READM-30-HIP-KNEE-HRRP,1.0066285714285714,7,7,0.03823690476190478
2025,WA,READM-30-HIP-KNEE-HRRP,1.191,1,1,0.17765000000000009
2025,WI,READM-30-HIP-KNEE-HRRP,0.9091999999999999,3,3,-0.03165000000000007
2025,WV,READM-30-HIP-KNEE-HRRP,1.0174,1,1,-0.20919999999999983
2025,AK,READM-30-PN-HRRP,0.9962166666666668,6,6,-0.0004633333333331491
2025,AL,READM-30-PN-HRRP,1.019095652173913,46,46,0.012116582406471066
2025,AR,READM-30-PN-HRRP,1.0245424242424241,33,33,-0.004589833822091993
2025,AZ,READM-30-PN-HRRP,0.9953586956521739,46,46,-0.0001365424430641582
2025,CA,READM-30-PN-HRRP,1.0285674641148326,209,209,0.0009136179609863238
2025,CO,READM-30-PN-HRRP,0.9742249999999999,28,28,0.005058333333333165
2025,CT,READM-30-PN-HRRP,1.0171041666666667,24,24,0.006095833333333411
2025,DC,READM-30-PN-HRRP,1.0047833333333334,6,6,-0.009649999999999936
2025,DE,READM-30-PN-HRRP,0.9833400000000001,5,5,0.013690000000000091
2025,FL,READM-30-PN-HRRP,1.0104180645161291,155,155,0.0026836274300363616
2025,GA,READM-30-PN-HRRP,1.0045657142857143,70,70,-0.002487226890756311
2025,HI,READM-30-PN-HRRP,0.9951375,8,8,-0.0050874999999999115
2025,IA,READM-30-PN-HRRP,0.953832,25,25,-0.005252000000000034
2025,ID,READM-30-PN-HRRP,0.92968,10,10,0.0017085714285713927
2025,IL,READM-30-PN-HRRP,1.0218886597938144,97,97,-6.185567010308368e-05
2025,IN,READM-30-PN-HRRP,0.9913500000000001,60,60,0.010522727272727295
2025,KS,READM-30-PN-HRRP,0.9850222222222222,27,27,0.0015407407407408424
2025,KY,READM-30-PN-HRRP,1.0135627450980391,51,51,0.000894117647058712
2025,LA,READM-30-PN-HRRP,1.0049139534883722,43,43,0.0032677996422183497
2025,MA,READM-30-PN-HRRP,1.055458,50,50,0.007967999999999975
2025,MD,READM-30-PN-HRRP,0.982148717948718,39,39,0.000853846153846316
2025,ME,READM-30-PN-HRRP,0.9797545454545454,11,11,0.014083116883116809
2025,MI,READM-30-PN-HRRP,1.018786111111111,72,72,0.007654227053139895
2025,MN,READM-30-PN-HRRP,0.9876033333333333,30,30,-0.009450833333333297
2025,MO,READM-30-PN-HRRP,0.9965547169811321,53,53,-0.0058037735849055805
2025,MS,READM-30-PN-HRRP,1.0351725,40,40,0.005866944444444577
2025,MT,READM-30-PN-HRRP,0.9187444444444446,9,9,-0.01901111111111098
2025,NC,READM-30-PN-HRRP,0.9875694444444445,72,72,-0.0011166666666666547
2025,ND,READM-30-PN-HRRP,0.9439666666666667,6,6,-0.02251666666666652
2025,NE,READM-30-PN-HRRP,0.9916705882352941,17,17,0.014849159663865574
2025,NH,READM-30-PN-HRRP,1.000953846153846,13,13,-0.02125384615384629
2025,NJ,READM-30-PN-HRRP,1.0287622950819673,61,61,-0.005974993053625921
2025,NM,READM-30-PN-HRRP,0.97535,12,12,-0.025433333333333308
2025,NV,READM-30-PN-HRRP,1.027029411764706,17,17,-0.0011428104575161857
2025,NY,READM-30-PN-HRRP,1.0312974137931035,116,116,-0.0016650862068965377
2025,OH,READM-30-PN-HRRP,1.0083085106382979,94,94,0.00222628841607575
2025,OK,READM-30-PN-HRRP,0.9958048780487806,41,41,-0.003913543003850939
2025,OR,READM-30-PN-HRRP,0.9654727272727274,22,22,-0.00450095693779895
2025,PA,READM-30-PN-HRRP,0.997687,100,100,-0.006759391752577448
2025,RI,READM-30-PN-HRRP,0.9802875,8,8,-0.03564999999999996
2025,SC,READM-30-PN-HRRP,0.9980227272727272,44,44,-0.012402272727272678
2025,SD,READM-30-PN-HRRP,0.946325,8,8,0.0010107142857141982
2025,TN,READM-30-PN-HRRP,0.9977290322580645,62,62,-0.0046489338436304095
2025,TX,READM-30-PN-HRRP,1.004730409356725,171,171,0.002029189844529933
2025,UT,READM-30-PN-HRRP,0.9334166666666667,12,12,-0.01808333333333345
2025,VA,READM-30-PN-HRRP,1.004123076923077,65,65,-0.00127067307692319
2025,VT,READM-30-PN-HRRP,0.9584199999999999,5,5,-0.028280000000000194
2025,WA,READM-30-PN-HRRP,0.9673487179487179,39,39,-0.0056987820512821585
2025,WI,READM-30-PN-HRRP,0.9883181818181819,44,44,-0.0008997668997668962
2025,WV,READM-30-PN-HRRP,1.014878947368421,19,19,0.005368421052631467
2025,WY,READM-30-PN-HRRP,0.984775,4,4,0.009324999999999917
